sample,games,with_mos,lead1,lead2,lead3,close_n,close_record,close_win_pct,close_win_ci,close_roi_pct,close_roi_ci,close_p_one_sided,open_n,open_record,open_win_pct,open_win_ci,open_roi_pct,open_roi_ci,open_p_one_sided,closeop_n,closeop_record,closeop_win_pct,closeop_win_ci,closeop_roi_pct,closeop_roi_ci,closeop_p_one_sided,open_move_mean,obs_n,obs_record,obs_win_pct,obs_win_ci,obs_roi_pct,obs_roi_ci,obs_p_one_sided,obs_also_signal,l1_bias,l1_mos15_pct,obs15_pct,sig_obs15_pct
2006,286,286,286,286,0,32,20-12-0,62.5,45.3-77.1,19.3,-13.6 to +47.1,0.1663,0,0-0-0,,,,,,0,0-0-0,,,,,,,29,17-12-0,58.6,40.7-74.5,11.9,-22.2 to +42.2,0.3144,21,0.67,9.0,10.5,65.6
2007,463,463,463,463,1,37,22-14-1,61.1,44.9-75.2,16.7,-14.4 to +43.6,0.1892,1,1-0-0,100.0,20.7-100.0,90.9,-60.6 to +90.9,0.5238,1,1-0-0,100.0,20.7-100.0,90.9,-60.6 to +90.9,0.5238,-1.0,32,16-16-0,50.0,33.6-66.4,-4.5,-35.8 to +26.7,0.6729,18,1.27,6.2,7.1,48.6
2008,245,245,245,245,1,28,18-10-0,64.3,45.8-79.3,22.7,-12.5 to +51.4,0.1417,0,0-0-0,,,,,,0,0-0-0,,,,,,,18,10-8-0,55.6,33.7-75.4,6.1,-35.6 to +44.0,0.4881,11,1.23,9.4,7.7,39.3
2009,517,517,517,517,0,47,25-22-0,53.2,39.2-66.7,1.5,-25.1 to +27.3,0.5148,0,0-0-0,,,,,,0,0-0-0,,,,,,,24,12-12-0,50.0,31.4-68.6,-4.5,-40.0 to +30.9,0.6698,17,0.74,7.2,4.8,36.2
2010,500,500,500,500,0,42,24-18-0,57.1,42.2-70.9,9.1,-19.4 to +35.3,0.3225,1,1-0-0,100.0,20.7-100.0,90.9,-60.6 to +90.9,0.5238,1,1-0-0,100.0,20.7-100.0,90.9,-60.6 to +90.9,0.5238,1.0,35,21-14-0,60.0,43.6-74.4,14.5,-16.8 to +42.1,0.2323,28,0.43,7.8,7.1,66.7
2011,596,596,596,596,0,96,48-46-2,51.1,41.1-60.9,-2.5,-21.5 to +16.3,0.6406,1,1-0-0,100.0,20.7-100.0,90.9,-60.6 to +90.9,0.5238,1,1-0-0,100.0,20.7-100.0,90.9,-60.6 to +90.9,0.5238,-1.0,60,33-25-2,56.9,44.1-68.8,8.6,-15.8 to +31.4,0.2894,52,0.88,13.9,10.1,54.2
2012,556,556,556,556,2,74,37-35-2,51.4,40.1-62.6,-1.9,-23.5 to +19.4,0.6133,73,42-31-0,57.5,46.1-68.2,9.8,-12.0 to +30.2,0.2227,73,37-34-2,52.1,40.7-63.3,-0.5,-22.3 to +20.9,0.5658,-1.36,42,21-20-1,51.2,36.5-65.7,-2.2,-30.3 to +25.5,0.6206,32,1.03,11.9,7.7,43.2
2013,651,651,651,651,1,64,34-29-1,54.0,41.8-65.7,3.0,-20.2 to +25.4,0.4507,64,33-30-1,52.4,40.3-64.2,0.0,-23.1 to +22.6,0.5509,64,34-29-1,54.0,41.8-65.7,3.0,-20.2 to +25.4,0.4507,-0.38,40,22-18-0,55.0,39.8-69.3,5.0,-24.0 to +32.3,0.4323,36,0.74,8.0,6.2,56.2
2014,669,669,669,669,1,78,48-30-0,61.5,50.4-71.6,17.5,-3.7 to +36.6,0.0655,78,49-29-0,62.8,51.7-72.7,19.9,-1.2 to +38.8,0.0409,78,48-30-0,61.5,50.4-71.6,17.5,-3.7 to +36.6,0.0655,-0.87,52,27-24-1,52.9,39.5-65.9,1.1,-24.5 to +25.9,0.5248,35,0.24,8.8,7.8,44.9
2015,693,693,693,693,1,88,55-33-0,62.5,52.1-71.9,19.3,-0.6 to +37.2,0.0358,88,61-26-1,70.1,59.8-78.7,33.9,+14.2 to +50.3,0.0006,88,55-33-0,62.5,52.1-71.9,19.3,-0.6 to +37.2,0.0358,-1.36,52,31-21-0,59.6,46.1-71.8,13.8,-12.1 to +37.1,0.1827,37,1.05,10.2,7.6,42.0
2016,682,682,682,682,1,77,46-31-0,59.7,48.6-70.0,14.0,-7.3 to +33.6,0.119,77,48-29-0,62.3,51.2-72.3,19.0,-2.3 to +38.1,0.0504,77,46-31-0,59.7,48.6-70.0,14.0,-7.3 to +33.6,0.119,-1.66,60,34-25-1,57.6,44.9-69.4,10.0,-14.2 to +32.5,0.2499,40,0.32,9.2,8.9,51.9
2017,697,697,697,697,2,82,43-38-1,53.1,42.3-63.6,1.3,-19.2 to +21.4,0.4944,82,46-36-0,56.1,45.3-66.3,7.1,-13.5 to +26.6,0.2872,82,43-38-1,53.1,42.3-63.6,1.3,-19.2 to +21.4,0.4944,-1.34,60,34-26-0,56.7,44.1-68.4,8.2,-15.8 to +30.6,0.2969,43,0.91,10.1,8.7,52.4
2018,717,717,717,717,1,78,34-43-1,44.2,33.6-55.3,-15.7,-35.8 to +5.5,0.9405,78,35-42-1,45.5,34.8-56.5,-13.2,-33.5 to +7.9,0.9084,78,34-43-1,44.2,33.6-55.3,-15.7,-35.8 to +5.5,0.9405,-0.9,54,31-23-0,57.4,44.2-69.7,9.6,-15.7 to +33.0,0.2738,37,0.58,9.7,7.6,47.4
2019,718,718,718,718,1,80,48-31-1,60.8,49.7-70.8,16.0,-5.1 to +35.1,0.0836,80,52-28-0,65.0,54.1-74.5,24.1,+3.2 to +42.3,0.0153,80,48-31-1,60.8,49.7-70.8,16.0,-5.1 to +35.1,0.0836,-1.95,51,33-17-1,66.0,52.2-77.6,26.0,-0.4 to +48.1,0.0361,37,0.68,9.3,7.2,46.2
2020,487,487,487,487,0,46,24-22-0,52.2,38.1-65.9,-0.4,-27.2 to +25.8,0.5705,0,0-0-0,,,,,,0,0-0-0,,,,,,,35,18-17-0,51.4,35.6-67.0,-1.8,-32.1 to +27.9,0.6118,27,0.73,8.0,7.2,58.7
2021,759,759,759,759,3,62,33-26-3,55.9,43.3-67.8,6.8,-17.4 to +29.5,0.3396,61,35-25-1,58.3,45.7-69.9,11.4,-12.7 to +33.5,0.214,61,33-25-3,56.9,44.1-68.8,8.6,-15.8 to +31.4,0.2894,-0.58,43,22-18-3,55.0,39.8-69.3,5.0,-24.0 to +32.3,0.4323,26,0.6,6.5,5.7,41.9
2022,782,782,782,782,1,73,44-29-0,60.3,48.8-70.7,15.1,-6.8 to +35.0,0.1084,71,49-21-1,70.0,58.5-79.5,33.6,+11.6 to +51.7,0.002,71,44-27-0,62.0,50.3-72.4,18.3,-3.9 to +38.2,0.0663,-2.2,53,31-21-1,59.6,46.1-71.8,13.8,-12.1 to +37.1,0.1827,29,0.87,7.2,6.8,39.7
2023,813,813,813,813,1,65,39-26-0,60.0,47.9-71.0,14.5,-8.6 to +35.6,0.1343,62,36-26-0,58.1,45.7-69.5,10.9,-12.8 to +32.7,0.2214,62,36-26-0,58.1,45.7-69.5,10.9,-12.8 to +32.7,0.2214,-2.28,32,17-15-0,53.1,36.4-69.1,1.4,-30.4 to +32.0,0.538,24,1.03,6.6,3.9,36.9
2024,815,815,815,815,0,69,32-35-2,47.8,36.3-59.5,-8.8,-30.8 to +13.6,0.8105,68,35-33-0,51.5,39.8-62.9,-1.7,-24.0 to +20.2,0.6076,68,32-34-2,48.5,36.8-60.3,-7.4,-29.7 to +15.1,0.7756,-1.08,37,16-20-1,44.4,29.5-60.4,-15.2,-43.6 to +15.3,0.8687,26,1.08,7.2,4.5,37.7
2025,855,855,855,855,0,66,41-25-0,62.1,50.1-72.9,18.6,-4.4 to +39.1,0.0714,66,42-24-0,63.6,51.6-74.2,21.5,-1.5 to +41.6,0.0431,66,41-25-0,62.1,50.1-72.9,18.6,-4.4 to +39.1,0.0714,-1.41,35,23-12-0,65.7,49.2-79.2,25.5,-6.2 to +51.1,0.0784,26,1.04,5.7,4.1,39.4
pooled,12501,12501,12501,12501,17,1284,715-555-14,56.3,53.6-59.0,7.5,+2.2 to +12.6,0.0028,951,566-380-5,59.8,56.7-62.9,14.2,+8.2 to +20.1,0.0,951,534-406-11,56.8,53.6-59.9,8.5,+2.4 to +14.4,0.0036,-1.34,844,469-364-11,56.3,52.9-59.6,7.5,+1.0 to +13.8,0.0127,602,0.8,8.5,6.8,46.9
