season,lead,games,forecast,no station within 40 km,run ends before the window
2006,1,296,286,10,0
2006,2,296,286,10,0
2006,3,296,0,10,286
2006,any,296,286,10,0
2007,1,476,463,13,0
2007,2,476,463,13,0
2007,3,476,1,13,462
2007,any,476,463,13,0
2008,1,255,245,10,0
2008,2,255,245,10,0
2008,3,255,1,10,244
2008,any,255,245,10,0
2009,1,530,517,13,0
2009,2,530,517,13,0
2009,3,530,0,13,517
2009,any,530,517,13,0
2010,1,515,500,15,0
2010,2,515,500,15,0
2010,3,515,0,15,500
2010,any,515,500,15,0
2011,1,612,596,16,0
2011,2,612,596,16,0
2011,3,612,0,16,596
2011,any,612,596,16,0
2012,1,572,556,16,0
2012,2,572,556,16,0
2012,3,572,2,16,554
2012,any,572,556,16,0
2013,1,670,651,19,0
2013,2,670,651,19,0
2013,3,670,1,19,650
2013,any,670,651,19,0
2014,1,685,669,16,0
2014,2,685,669,16,0
2014,3,685,1,16,668
2014,any,685,669,16,0
2015,1,711,693,18,0
2015,2,711,693,18,0
2015,3,711,1,18,692
2015,any,711,693,18,0
2016,1,699,682,17,0
2016,2,699,682,17,0
2016,3,699,1,17,681
2016,any,699,682,17,0
2017,1,715,697,18,0
2017,2,715,697,18,0
2017,3,715,2,18,695
2017,any,715,697,18,0
2018,1,734,717,17,0
2018,2,734,717,17,0
2018,3,734,1,17,716
2018,any,734,717,17,0
2019,1,736,718,18,0
2019,2,736,718,18,0
2019,3,736,1,18,717
2019,any,736,718,18,0
2020,1,498,487,11,0
2020,2,498,487,11,0
2020,3,498,0,11,487
2020,any,498,487,11,0
2021,1,778,759,19,0
2021,2,778,759,19,0
2021,3,778,3,19,756
2021,any,778,759,19,0
2022,1,800,782,18,0
2022,2,800,782,18,0
2022,3,800,1,18,781
2022,any,800,782,18,0
2023,1,832,813,19,0
2023,2,832,813,19,0
2023,3,832,1,19,812
2023,any,832,813,19,0
2024,1,833,815,18,0
2024,2,833,815,18,0
2024,3,833,0,18,815
2024,any,833,815,18,0
2025,1,876,855,21,0
2025,2,876,855,21,0
2025,3,876,0,21,855
2025,any,876,855,21,0
all,1,12823,12501,322,0
all,2,12823,12501,322,0
all,3,12823,17,322,12484
all,any,12823,12501,322,0
