snap,bucket,contracts,games,mean_mid,yes_rate,yes_minus_mid,yes_minus_mid_se,yes_taker_roi,yes_taker_pnl,yes_taker_pnl_se,no_taker_pnl,no_taker_pnl_se
T-1h,10-20,6,6,0.1975,0.3333333333333333,0.1358333333333333,0.19043329008219065,0.5320349206349206,0.11172733333333333,0.18810823914723246,-0.15887883333333333,0.19262982277934348
T-1h,20-30,381,240,0.2629396325459318,0.2755905511811024,0.012650918635170594,0.03245837321302424,-0.051113554159527945,-0.014094461942257231,0.032462763225634905,-0.0385427034120735,0.032460475654298576
T-1h,30-40,514,262,0.352431906614786,0.35019455252918286,-0.0022373540856031604,0.03302556120862616,-0.08229357562800643,-0.029955501945525296,0.0330196624442603,-0.02499692217898832,0.03303677793871021
T-1h,40-50,563,282,0.4484547069271758,0.48312611012433393,0.03467140319715811,0.031666931365186834,0.02043850583657593,0.009329833037300202,0.031675116154505696,-0.05989177264653644,0.03166067201540279
T-1h,50-60,533,282,0.5523170731707316,0.5684803001876173,0.016163227016885662,0.03130352347710578,-0.017012822399892946,-0.009541544090056281,0.03132683503569624,-0.04200228517823638,0.03128246421272776
T-1h,60-70,499,267,0.651503006012024,0.657314629258517,0.005811623246492981,0.032670869038404056,-0.03269398900501421,-0.021690725450901813,0.03273936663216225,-0.03382226452905812,0.032609134670779714
T-1h,70-80,373,237,0.7446916890080428,0.7479892761394102,0.0032975871313674077,0.030208063212715425,-0.02933264309227994,-0.02221652815013406,0.03021041344176134,-0.02968263002680967,0.030213444327001387
T-1h,80-90,19,18,0.8094736842105262,0.8421052631578947,0.032631578947368456,0.08110321911617505,0.010657800511508938,0.008773052631578937,0.082095198631946,-0.05768157894736838,0.0801333756683767
T-5m,10-20,3,3,0.19333333333333336,0.6666666666666666,0.4733333333333333,0.2700864857164584,2.119325396825397,0.44505833333333333,0.2671607774469338,-0.500171,0.27284799440333213
T-5m,20-30,382,238,0.26142670157068065,0.2670157068062827,0.005589005235602074,0.029714309655923317,-0.07843928707586738,-0.021544109947643993,0.029680664678363777,-0.031833835078534045,0.029755472397714505
T-5m,30-40,535,263,0.35105607476635514,0.35514018691588783,0.004084112149532693,0.03234958350993685,-0.0663412848759395,-0.024088706542056085,0.03234915449652051,-0.03174956822429905,0.032353940929973964
T-5m,40-50,569,281,0.44798769771528996,0.4797891036906854,0.031801405975395436,0.034430004867027554,0.013835005393743308,0.006311096660808459,0.03446548204270112,-0.05716715465729354,0.034396423404079224
T-5m,50-60,540,283,0.5533240740740741,0.5777777777777777,0.02445370370370359,0.03269605018073599,-0.0018499093277061418,-0.0010389981481481402,0.032731230673290396,-0.050079833333333316,0.03266319304163057
T-5m,60-70,495,270,0.6526161616161616,0.6666666666666666,0.01405050505050498,0.0313133564279722,-0.020970943442075216,-0.013947583838383846,0.031365118772687176,-0.04258538787878788,0.03126786572501753
T-5m,70-80,394,236,0.7451142131979696,0.7639593908629442,0.01884517766497462,0.02985159048297308,-0.010050204027025233,-0.007626421319796965,0.029866646867420465,-0.04625742385786804,0.02984685522429832
T-5m,80-90,12,11,0.8124999999999999,0.8333333333333334,0.02083333333333348,0.10728484061059929,-0.008806720160481417,-0.007316916666666645,0.10919674035176077,-0.05059941666666664,0.10531947764858833
