cohort,market_line,-48,-47,-46,-45,-44,-43,-42,-41,-40,-39,-38,-37,-36,-35,-34,-33,-32,-31,-30,-29,-28,-27,-26,-25,-24,-23,-22,-21,-20,-19,-18,-17,-16,-15,-14,-13,-12,-11,-10,-9,-8,-7,-6,-5,-4,-3,-2,-1,0,1,2,3,4,5,6,7,8,9,10,11,12,13,14,15,16,17,18,19,20,21,22,23,24,25,26,27,28,29,30,31,32,33,34,35,36,37,38,39,40,41,42,43,44,45,46,47,48,49,50,51,52,53,54,55,56,57,58,59,60,61,62,63,64,65,66,67,68,69,70
all,0.0,0.0001,0.0001,0.0001,0.0001,0.0001,0.0002,0.0002,0.0003,0.0006,0.0004,0.0011,0.001,0.0004,0.0018,0.0017,0.0012,0.0019,0.0038,0.002,0.0021,0.0052,0.0029,0.0037,0.0043,0.0071,0.0053,0.0043,0.0093,0.0092,0.0056,0.0104,0.0154,0.0109,0.008,0.025,0.0112,0.011,0.0131,0.029,0.0108,0.0255,0.0493,0.0381,0.0235,0.024,0.0752,0.0247,0.0254,0.0053,0.0258,0.0251,0.0751,0.0228,0.0207,0.031,0.0379,0.0191,0.0081,0.0222,0.0106,0.0096,0.0107,0.0261,0.009,0.0125,0.0179,0.0121,0.0066,0.0112,0.0117,0.0056,0.0071,0.0095,0.0057,0.0047,0.0035,0.0057,0.0021,0.0018,0.0035,0.0019,0.0013,0.0022,0.0023,0.0005,0.0011,0.0009,0.0003,0.0004,0.0002,0.0002,0.0002,0.0002,0.0001,0.0001,0.0001,0.0001,0.0001,0.0001,0.0,0.0,0.0,0.0,0.0,0.0,0.0,0.0,0.0,0.0,0.0,0.0,0.0,0.0,0.0,0.0,0.0,0.0,0.0,0.0
all,0.5,0.0,0.0001,0.0001,0.0001,0.0001,0.0001,0.0002,0.0002,0.0005,0.0004,0.001,0.001,0.0004,0.0016,0.0016,0.0011,0.0017,0.0036,0.0019,0.002,0.0049,0.0028,0.0035,0.0041,0.0067,0.005,0.004,0.0087,0.0087,0.0053,0.01,0.0149,0.0104,0.0076,0.0234,0.0104,0.0102,0.0123,0.0276,0.0104,0.0248,0.0482,0.0377,0.0235,0.0239,0.0742,0.0241,0.0249,0.0053,0.0259,0.0256,0.0772,0.0235,0.0215,0.0323,0.0394,0.0198,0.0083,0.0228,0.0108,0.0098,0.011,0.0268,0.0092,0.0129,0.0185,0.0125,0.0068,0.0116,0.0123,0.0059,0.0075,0.0101,0.0061,0.0051,0.0038,0.0063,0.0023,0.002,0.0037,0.0019,0.0014,0.0023,0.0025,0.0006,0.0013,0.0011,0.0003,0.0005,0.0003,0.0002,0.0002,0.0002,0.0002,0.0001,0.0001,0.0001,0.0001,0.0001,0.0,0.0,0.0,0.0,0.0,0.0,0.0,0.0,0.0,0.0,0.0,0.0,0.0,0.0,0.0,0.0,0.0,0.0,0.0,0.0
all,1.0,0.0,0.0001,0.0001,0.0001,0.0001,0.0001,0.0001,0.0002,0.0004,0.0003,0.0009,0.0009,0.0004,0.0015,0.0014,0.001,0.0016,0.0033,0.0017,0.0019,0.0046,0.0026,0.0033,0.0039,0.0064,0.0047,0.0038,0.0081,0.0081,0.005,0.0096,0.0143,0.01,0.0072,0.022,0.0097,0.0095,0.0115,0.026,0.0099,0.0239,0.0469,0.0371,0.0233,0.0239,0.0737,0.0237,0.0243,0.0052,0.0259,0.0259,0.0791,0.0242,0.0222,0.0335,0.0409,0.0205,0.0086,0.0234,0.0111,0.01,0.0112,0.0274,0.0094,0.0133,0.0191,0.013,0.0071,0.012,0.0128,0.0062,0.0079,0.0106,0.0064,0.0054,0.0041,0.0069,0.0025,0.0022,0.004,0.002,0.0014,0.0024,0.0027,0.0006,0.0014,0.0012,0.0004,0.0006,0.0003,0.0003,0.0002,0.0002,0.0002,0.0002,0.0001,0.0001,0.0001,0.0001,0.0001,0.0,0.0,0.0,0.0,0.0,0.0,0.0,0.0,0.0,0.0,0.0,0.0,0.0,0.0,0.0,0.0,0.0,0.0,0.0
all,1.5,0.0,0.0,0.0001,0.0001,0.0001,0.0001,0.0001,0.0002,0.0004,0.0003,0.0008,0.0008,0.0003,0.0014,0.0013,0.0009,0.0014,0.003,0.0016,0.0018,0.0044,0.0025,0.0031,0.0037,0.006,0.0045,0.0035,0.0075,0.0075,0.0047,0.0091,0.0137,0.0096,0.0069,0.0208,0.0091,0.0088,0.0107,0.0244,0.0094,0.023,0.0455,0.0362,0.023,0.0238,0.0735,0.0233,0.0237,0.0051,0.0256,0.0261,0.0806,0.0249,0.0229,0.0348,0.0425,0.0212,0.0089,0.0241,0.0114,0.0103,0.0115,0.028,0.0097,0.0137,0.0198,0.0134,0.0073,0.0124,0.0132,0.0065,0.0083,0.0112,0.0068,0.0058,0.0044,0.0075,0.0027,0.0024,0.0043,0.0021,0.0015,0.0025,0.0029,0.0007,0.0016,0.0015,0.0005,0.0006,0.0003,0.0003,0.0003,0.0002,0.0002,0.0002,0.0001,0.0001,0.0001,0.0001,0.0001,0.0,0.0,0.0,0.0,0.0,0.0,0.0,0.0,0.0,0.0,0.0,0.0,0.0,0.0,0.0,0.0,0.0,0.0,0.0
all,2.0,0.0,0.0,0.0001,0.0001,0.0001,0.0001,0.0001,0.0001,0.0003,0.0002,0.0007,0.0007,0.0003,0.0013,0.0012,0.0008,0.0013,0.0027,0.0015,0.0016,0.0042,0.0023,0.003,0.0035,0.0057,0.0042,0.0033,0.0071,0.007,0.0044,0.0086,0.0131,0.0093,0.0067,0.0199,0.0085,0.0082,0.0099,0.0227,0.0089,0.0219,0.0439,0.0353,0.0226,0.0237,0.0734,0.0232,0.0233,0.0049,0.0252,0.0261,0.0817,0.0255,0.0236,0.036,0.0441,0.022,0.0092,0.0248,0.0117,0.0106,0.0118,0.0286,0.0099,0.0141,0.0204,0.0138,0.0075,0.0128,0.0137,0.0067,0.0087,0.0119,0.0072,0.0061,0.0047,0.0081,0.003,0.0026,0.0047,0.0023,0.0015,0.0025,0.003,0.0007,0.0018,0.0017,0.0006,0.0008,0.0004,0.0003,0.0003,0.0002,0.0002,0.0002,0.0001,0.0001,0.0001,0.0001,0.0001,0.0001,0.0,0.0,0.0,0.0,0.0,0.0,0.0,0.0,0.0,0.0,0.0,0.0,0.0,0.0,0.0,0.0,0.0,0.0
all,2.5,0.0,0.0,0.0,0.0001,0.0001,0.0001,0.0001,0.0001,0.0003,0.0002,0.0006,0.0007,0.0003,0.0012,0.0011,0.0007,0.0011,0.0024,0.0014,0.0015,0.004,0.0022,0.0028,0.0033,0.0054,0.004,0.0031,0.0066,0.0065,0.0041,0.008,0.0124,0.0089,0.0064,0.019,0.0081,0.0077,0.0092,0.0211,0.0083,0.0209,0.0422,0.0342,0.0221,0.0234,0.0732,0.0231,0.023,0.0048,0.0247,0.0258,0.0822,0.026,0.0243,0.0372,0.0458,0.0229,0.0095,0.0257,0.0121,0.0108,0.0121,0.0293,0.0101,0.0144,0.0209,0.0143,0.0078,0.0132,0.0142,0.007,0.0091,0.0125,0.0076,0.0065,0.005,0.0087,0.0033,0.0029,0.0052,0.0025,0.0016,0.0026,0.0031,0.0008,0.002,0.0019,0.0006,0.0009,0.0004,0.0003,0.0003,0.0002,0.0002,0.0002,0.0001,0.0001,0.0001,0.0001,0.0001,0.0001,0.0,0.0,0.0,0.0,0.0,0.0,0.0,0.0,0.0,0.0,0.0,0.0,0.0,0.0,0.0,0.0,0.0,0.0
all,3.0,0.0,0.0,0.0,0.0001,0.0001,0.0001,0.0001,0.0001,0.0002,0.0002,0.0005,0.0006,0.0003,0.0011,0.001,0.0007,0.001,0.0022,0.0012,0.0014,0.0037,0.0021,0.0027,0.0031,0.0051,0.0038,0.003,0.0062,0.0061,0.0038,0.0075,0.0118,0.0085,0.0062,0.0183,0.0077,0.0072,0.0086,0.0196,0.0078,0.0197,0.0404,0.0331,0.0216,0.023,0.0728,0.0231,0.0228,0.0047,0.0241,0.0254,0.0822,0.0264,0.0249,0.0384,0.0475,0.0238,0.0099,0.0266,0.0125,0.0111,0.0124,0.0301,0.0104,0.0147,0.0215,0.0147,0.0081,0.0137,0.0146,0.0072,0.0095,0.0131,0.008,0.0068,0.0053,0.0093,0.0035,0.0032,0.0057,0.0027,0.0017,0.0028,0.0032,0.0008,0.0021,0.0021,0.0007,0.0011,0.0005,0.0004,0.0003,0.0002,0.0002,0.0002,0.0001,0.0001,0.0002,0.0001,0.0001,0.0001,0.0001,0.0,0.0,0.0,0.0,0.0,0.0,0.0,0.0,0.0,0.0,0.0,0.0,0.0,0.0,0.0,0.0,0.0
all,3.5,0.0,0.0,0.0,0.0,0.0001,0.0001,0.0001,0.0001,0.0002,0.0001,0.0004,0.0005,0.0002,0.001,0.001,0.0006,0.0009,0.002,0.0011,0.0013,0.0035,0.002,0.0025,0.0029,0.0048,0.0036,0.0028,0.0059,0.0058,0.0036,0.007,0.0111,0.0081,0.0059,0.0177,0.0074,0.0069,0.008,0.0183,0.0073,0.0185,0.0384,0.0318,0.021,0.0226,0.0721,0.0231,0.0228,0.0047,0.0236,0.0249,0.0816,0.0266,0.0254,0.0395,0.0492,0.0248,0.0103,0.0276,0.0129,0.0115,0.0127,0.0309,0.0106,0.0151,0.0221,0.0152,0.0084,0.0142,0.0152,0.0075,0.0099,0.0138,0.0085,0.0073,0.0057,0.0099,0.0038,0.0035,0.0063,0.003,0.0019,0.0029,0.0033,0.0008,0.0023,0.0023,0.0009,0.0012,0.0006,0.0004,0.0004,0.0003,0.0002,0.0002,0.0002,0.0001,0.0002,0.0001,0.0001,0.0001,0.0001,0.0,0.0,0.0,0.0,0.0,0.0,0.0,0.0,0.0,0.0,0.0,0.0,0.0,0.0,0.0,0.0,0.0
all,4.0,0.0,0.0,0.0,0.0,0.0001,0.0001,0.0001,0.0001,0.0001,0.0001,0.0004,0.0004,0.0002,0.0009,0.0009,0.0006,0.0009,0.0018,0.001,0.0012,0.0032,0.0019,0.0024,0.0028,0.0046,0.0034,0.0027,0.0056,0.0054,0.0034,0.0066,0.0104,0.0077,0.0057,0.017,0.0071,0.0066,0.0076,0.0171,0.0068,0.0173,0.0364,0.0305,0.0203,0.022,0.0711,0.023,0.0229,0.0047,0.0232,0.0244,0.0805,0.0267,0.0259,0.0406,0.0508,0.0258,0.0107,0.0288,0.0134,0.0119,0.0131,0.0318,0.0109,0.0155,0.0226,0.0156,0.0086,0.0147,0.0157,0.0078,0.0103,0.0144,0.0089,0.0077,0.006,0.0105,0.0041,0.0037,0.0069,0.0033,0.0021,0.0031,0.0035,0.0009,0.0024,0.0025,0.0009,0.0014,0.0007,0.0005,0.0004,0.0003,0.0003,0.0002,0.0002,0.0002,0.0002,0.0002,0.0001,0.0001,0.0001,0.0001,0.0,0.0,0.0,0.0,0.0,0.0,0.0,0.0,0.0,0.0,0.0,0.0,0.0,0.0,0.0,0.0
all,4.5,0.0,0.0,0.0,0.0,0.0,0.0001,0.0001,0.0001,0.0001,0.0001,0.0003,0.0004,0.0002,0.0008,0.0008,0.0005,0.0008,0.0017,0.0009,0.0011,0.0029,0.0018,0.0023,0.0027,0.0043,0.0032,0.0025,0.0053,0.0052,0.0032,0.0062,0.0097,0.0072,0.0054,0.0164,0.0069,0.0063,0.0072,0.016,0.0063,0.0162,0.0342,0.0291,0.0196,0.0214,0.0698,0.0228,0.0229,0.0047,0.023,0.0239,0.079,0.0265,0.0261,0.0415,0.0524,0.0267,0.0112,0.03,0.0139,0.0123,0.0136,0.0327,0.0112,0.0159,0.0232,0.016,0.0089,0.0152,0.0163,0.0081,0.0107,0.0149,0.0094,0.0081,0.0064,0.0112,0.0044,0.004,0.0076,0.0036,0.0023,0.0034,0.0037,0.0009,0.0024,0.0026,0.001,0.0016,0.0008,0.0006,0.0005,0.0003,0.0003,0.0003,0.0002,0.0002,0.0002,0.0002,0.0001,0.0001,0.0001,0.0001,0.0,0.0,0.0,0.0,0.0,0.0,0.0,0.0,0.0,0.0,0.0,0.0,0.0,0.0,0.0,0.0
all,5.0,0.0,0.0,0.0,0.0,0.0,0.0001,0.0001,0.0001,0.0001,0.0001,0.0002,0.0003,0.0001,0.0007,0.0007,0.0005,0.0008,0.0015,0.0008,0.001,0.0027,0.0016,0.0022,0.0025,0.0041,0.003,0.0024,0.005,0.0049,0.003,0.0058,0.0091,0.0068,0.0051,0.0157,0.0067,0.0061,0.0069,0.0151,0.0059,0.0151,0.0321,0.0276,0.0188,0.0208,0.0682,0.0225,0.0228,0.0047,0.0229,0.0236,0.0774,0.0262,0.0262,0.0423,0.0539,0.0277,0.0116,0.0314,0.0145,0.0128,0.014,0.0338,0.0116,0.0164,0.0239,0.0165,0.0092,0.0158,0.0169,0.0084,0.011,0.0155,0.0098,0.0086,0.0068,0.0119,0.0047,0.0043,0.0082,0.004,0.0025,0.0037,0.0039,0.0009,0.0025,0.0028,0.0011,0.0018,0.0009,0.0007,0.0006,0.0004,0.0003,0.0003,0.0002,0.0002,0.0002,0.0002,0.0001,0.0001,0.0001,0.0001,0.0001,0.0,0.0,0.0,0.0,0.0,0.0,0.0,0.0,0.0,0.0,0.0,0.0,0.0,0.0,0.0
all,5.5,0.0,0.0,0.0,0.0,0.0,0.0,0.0001,0.0001,0.0001,0.0001,0.0002,0.0003,0.0001,0.0006,0.0007,0.0005,0.0007,0.0014,0.0008,0.0009,0.0024,0.0015,0.002,0.0024,0.0039,0.0029,0.0023,0.0048,0.0046,0.0028,0.0054,0.0085,0.0064,0.0049,0.015,0.0064,0.0059,0.0066,0.0144,0.0055,0.014,0.0299,0.026,0.0179,0.0201,0.0664,0.0221,0.0227,0.0047,0.023,0.0234,0.0759,0.0257,0.0261,0.0428,0.0552,0.0285,0.0121,0.0327,0.0152,0.0134,0.0146,0.0349,0.0119,0.0169,0.0245,0.0169,0.0094,0.0163,0.0175,0.0087,0.0115,0.0161,0.0102,0.009,0.0071,0.0126,0.005,0.0046,0.0089,0.0043,0.0028,0.0041,0.0043,0.001,0.0026,0.0029,0.0012,0.002,0.001,0.0009,0.0007,0.0004,0.0004,0.0003,0.0002,0.0002,0.0002,0.0002,0.0001,0.0001,0.0001,0.0001,0.0001,0.0,0.0,0.0,0.0,0.0,0.0,0.0,0.0,0.0,0.0,0.0,0.0,0.0,0.0,0.0
all,6.0,0.0,0.0,0.0,0.0,0.0,0.0,0.0001,0.0001,0.0001,0.0001,0.0002,0.0002,0.0001,0.0006,0.0006,0.0004,0.0007,0.0013,0.0007,0.0008,0.0022,0.0014,0.0019,0.0023,0.0037,0.0028,0.0022,0.0045,0.0044,0.0027,0.0051,0.008,0.0059,0.0046,0.0142,0.0062,0.0057,0.0064,0.0138,0.0052,0.0131,0.0279,0.0243,0.017,0.0193,0.0644,0.0216,0.0224,0.0047,0.023,0.0233,0.0748,0.0252,0.0257,0.0429,0.0562,0.0293,0.0125,0.034,0.0158,0.0139,0.0151,0.0361,0.0123,0.0174,0.0252,0.0174,0.0097,0.0168,0.0181,0.009,0.0119,0.0167,0.0106,0.0094,0.0075,0.0134,0.0053,0.0049,0.0095,0.0047,0.003,0.0045,0.0047,0.0011,0.0028,0.003,0.0012,0.0021,0.0012,0.001,0.0008,0.0005,0.0004,0.0003,0.0002,0.0002,0.0002,0.0002,0.0001,0.0001,0.0001,0.0001,0.0001,0.0001,0.0,0.0,0.0,0.0,0.0,0.0,0.0,0.0,0.0,0.0,0.0,0.0,0.0,0.0
all,6.5,0.0,0.0,0.0,0.0,0.0,0.0,0.0,0.0001,0.0001,0.0001,0.0002,0.0002,0.0001,0.0005,0.0005,0.0004,0.0006,0.0012,0.0007,0.0007,0.002,0.0012,0.0017,0.0021,0.0036,0.0026,0.002,0.0043,0.0042,0.0026,0.0049,0.0075,0.0056,0.0043,0.0134,0.0059,0.0055,0.0062,0.0132,0.005,0.0123,0.026,0.0227,0.016,0.0184,0.0621,0.0211,0.022,0.0047,0.0231,0.0233,0.0742,0.0247,0.0253,0.0426,0.0568,0.03,0.0129,0.0353,0.0165,0.0145,0.0158,0.0375,0.0127,0.0179,0.026,0.0179,0.0099,0.0172,0.0187,0.0093,0.0123,0.0173,0.011,0.0098,0.0079,0.0141,0.0056,0.0053,0.0102,0.0051,0.0033,0.005,0.0052,0.0012,0.0029,0.0031,0.0013,0.0023,0.0013,0.0011,0.0009,0.0006,0.0005,0.0004,0.0003,0.0002,0.0003,0.0002,0.0002,0.0001,0.0001,0.0001,0.0001,0.0001,0.0,0.0,0.0,0.0,0.0,0.0,0.0,0.0,0.0,0.0,0.0,0.0,0.0,0.0
all,7.0,0.0,0.0,0.0,0.0,0.0,0.0,0.0,0.0,0.0001,0.0001,0.0001,0.0002,0.0001,0.0004,0.0004,0.0003,0.0006,0.0012,0.0006,0.0007,0.0018,0.0011,0.0015,0.002,0.0034,0.0025,0.0019,0.0041,0.004,0.0024,0.0046,0.0071,0.0052,0.004,0.0126,0.0056,0.0053,0.006,0.0128,0.0048,0.0116,0.0243,0.0212,0.015,0.0174,0.0596,0.0204,0.0215,0.0046,0.023,0.0234,0.0739,0.0243,0.0248,0.0421,0.0569,0.0306,0.0133,0.0365,0.0172,0.0152,0.0165,0.039,0.0132,0.0185,0.0267,0.0184,0.0102,0.0177,0.0193,0.0097,0.0128,0.018,0.0114,0.0102,0.0083,0.0149,0.0059,0.0056,0.0108,0.0055,0.0036,0.0055,0.0057,0.0013,0.0032,0.0032,0.0013,0.0024,0.0014,0.0013,0.0011,0.0007,0.0006,0.0004,0.0003,0.0003,0.0003,0.0002,0.0002,0.0002,0.0001,0.0001,0.0001,0.0001,0.0001,0.0,0.0,0.0,0.0,0.0,0.0,0.0,0.0,0.0,0.0,0.0,0.0,0.0
all,7.5,0.0,0.0,0.0,0.0,0.0,0.0,0.0,0.0,0.0001,0.0001,0.0001,0.0001,0.0001,0.0003,0.0004,0.0003,0.0005,0.0011,0.0006,0.0006,0.0016,0.001,0.0014,0.0018,0.0031,0.0024,0.0019,0.0039,0.0038,0.0023,0.0044,0.0067,0.0049,0.0037,0.0118,0.0053,0.005,0.0058,0.0123,0.0046,0.0111,0.0228,0.0197,0.014,0.0164,0.0568,0.0197,0.0209,0.0045,0.0228,0.0234,0.074,0.0241,0.0243,0.0413,0.0566,0.0309,0.0136,0.0376,0.0178,0.0158,0.0172,0.0406,0.0137,0.0191,0.0275,0.0189,0.0105,0.0182,0.0198,0.01,0.0133,0.0187,0.0118,0.0105,0.0086,0.0156,0.0063,0.0059,0.0115,0.0058,0.0039,0.006,0.0063,0.0014,0.0034,0.0034,0.0014,0.0025,0.0014,0.0014,0.0012,0.0009,0.0007,0.0005,0.0003,0.0003,0.0003,0.0003,0.0002,0.0002,0.0001,0.0001,0.0001,0.0001,0.0001,0.0,0.0,0.0,0.0,0.0,0.0,0.0,0.0,0.0,0.0,0.0,0.0,0.0
all,8.0,0.0,0.0,0.0,0.0,0.0,0.0,0.0,0.0,0.0001,0.0001,0.0001,0.0001,0.0001,0.0003,0.0003,0.0002,0.0004,0.001,0.0005,0.0006,0.0015,0.0009,0.0013,0.0016,0.0029,0.0022,0.0018,0.0037,0.0036,0.0022,0.0042,0.0064,0.0046,0.0035,0.011,0.0049,0.0047,0.0055,0.0119,0.0044,0.0106,0.0215,0.0184,0.013,0.0153,0.0538,0.0189,0.0202,0.0044,0.0225,0.0233,0.0742,0.024,0.0239,0.0404,0.0558,0.0309,0.0138,0.0387,0.0184,0.0164,0.0179,0.0423,0.0142,0.0197,0.0284,0.0195,0.0108,0.0186,0.0203,0.0103,0.0137,0.0193,0.0122,0.0109,0.0089,0.0163,0.0066,0.0063,0.0122,0.0062,0.0042,0.0065,0.0069,0.0015,0.0038,0.0037,0.0015,0.0026,0.0015,0.0015,0.0014,0.001,0.0008,0.0006,0.0004,0.0003,0.0003,0.0003,0.0002,0.0002,0.0002,0.0001,0.0001,0.0001,0.0001,0.0001,0.0,0.0,0.0,0.0,0.0,0.0,0.0,0.0,0.0,0.0,0.0,0.0
all,8.5,0.0,0.0,0.0,0.0,0.0,0.0,0.0,0.0,0.0001,0.0,0.0001,0.0001,0.0,0.0002,0.0003,0.0002,0.0004,0.0009,0.0005,0.0005,0.0014,0.0008,0.0011,0.0015,0.0026,0.0021,0.0017,0.0035,0.0034,0.0021,0.0039,0.0061,0.0044,0.0033,0.0103,0.0046,0.0045,0.0053,0.0115,0.0043,0.0102,0.0205,0.0173,0.0121,0.0143,0.0506,0.018,0.0195,0.0043,0.0221,0.0231,0.0742,0.024,0.0237,0.0397,0.0548,0.0308,0.0139,0.0395,0.019,0.017,0.0186,0.0441,0.0148,0.0205,0.0293,0.02,0.0111,0.0192,0.0209,0.0105,0.0142,0.02,0.0127,0.0113,0.0093,0.017,0.0069,0.0066,0.0129,0.0066,0.0045,0.007,0.0076,0.0017,0.0041,0.004,0.0015,0.0027,0.0016,0.0016,0.0015,0.0011,0.0009,0.0007,0.0004,0.0003,0.0003,0.0003,0.0002,0.0002,0.0002,0.0001,0.0001,0.0001,0.0001,0.0001,0.0,0.0,0.0,0.0,0.0,0.0,0.0,0.0,0.0,0.0,0.0,0.0
all,9.0,0.0,0.0,0.0,0.0,0.0,0.0,0.0,0.0,0.0001,0.0,0.0001,0.0001,0.0,0.0002,0.0002,0.0002,0.0003,0.0008,0.0004,0.0005,0.0013,0.0008,0.001,0.0013,0.0024,0.0019,0.0016,0.0033,0.0032,0.002,0.0037,0.0057,0.0042,0.0031,0.0097,0.0043,0.0042,0.005,0.011,0.0041,0.0098,0.0196,0.0163,0.0113,0.0133,0.0474,0.017,0.0187,0.0042,0.0216,0.0228,0.074,0.0241,0.0236,0.039,0.0536,0.0303,0.014,0.0402,0.0195,0.0176,0.0194,0.046,0.0154,0.0213,0.0303,0.0207,0.0114,0.0197,0.0214,0.0108,0.0146,0.0207,0.0132,0.0117,0.0096,0.0176,0.0072,0.007,0.0137,0.007,0.0048,0.0075,0.0082,0.0019,0.0046,0.0044,0.0017,0.0028,0.0016,0.0017,0.0016,0.0013,0.0011,0.0008,0.0005,0.0004,0.0004,0.0003,0.0002,0.0002,0.0002,0.0002,0.0001,0.0001,0.0001,0.0001,0.0001,0.0,0.0,0.0,0.0,0.0,0.0,0.0,0.0,0.0,0.0,0.0
all,9.5,0.0,0.0,0.0,0.0,0.0,0.0,0.0,0.0,0.0,0.0,0.0001,0.0001,0.0,0.0002,0.0002,0.0001,0.0003,0.0007,0.0004,0.0005,0.0012,0.0007,0.001,0.0012,0.0022,0.0018,0.0015,0.0032,0.0031,0.0019,0.0035,0.0054,0.004,0.0029,0.0091,0.004,0.0039,0.0047,0.0105,0.004,0.0095,0.0188,0.0155,0.0106,0.0124,0.0442,0.016,0.0178,0.004,0.021,0.0224,0.0733,0.0241,0.0236,0.0386,0.0525,0.0297,0.0139,0.0406,0.0199,0.0181,0.0201,0.0478,0.016,0.0221,0.0314,0.0213,0.0117,0.0202,0.022,0.0111,0.0149,0.0213,0.0136,0.0122,0.0099,0.0183,0.0075,0.0073,0.0145,0.0074,0.005,0.008,0.0089,0.002,0.005,0.0048,0.0018,0.003,0.0017,0.0017,0.0017,0.0014,0.0012,0.001,0.0006,0.0004,0.0004,0.0004,0.0003,0.0002,0.0002,0.0002,0.0001,0.0001,0.0001,0.0001,0.0001,0.0,0.0,0.0,0.0,0.0,0.0,0.0,0.0,0.0,0.0,0.0
all,10.0,0.0,0.0,0.0,0.0,0.0,0.0,0.0,0.0,0.0,0.0,0.0001,0.0001,0.0,0.0002,0.0002,0.0001,0.0002,0.0006,0.0003,0.0004,0.0011,0.0007,0.0009,0.0011,0.002,0.0016,0.0014,0.003,0.0029,0.0018,0.0033,0.0051,0.0037,0.0028,0.0086,0.0038,0.0037,0.0044,0.0099,0.0038,0.0091,0.0181,0.0148,0.01,0.0116,0.0411,0.015,0.0168,0.0038,0.0203,0.0218,0.0722,0.024,0.0236,0.0384,0.0517,0.0291,0.0137,0.0406,0.0202,0.0186,0.0207,0.0497,0.0167,0.023,0.0326,0.022,0.0121,0.0208,0.0226,0.0114,0.0153,0.0219,0.0141,0.0126,0.0103,0.0189,0.0078,0.0076,0.0152,0.0079,0.0053,0.0086,0.0095,0.0022,0.0055,0.0053,0.002,0.0032,0.0018,0.0018,0.0018,0.0015,0.0013,0.0011,0.0007,0.0005,0.0005,0.0004,0.0003,0.0002,0.0002,0.0002,0.0002,0.0001,0.0001,0.0001,0.0001,0.0001,0.0,0.0,0.0,0.0,0.0,0.0,0.0,0.0,0.0,0.0
all,10.5,0.0,0.0,0.0,0.0,0.0,0.0,0.0,0.0,0.0,0.0,0.0001,0.0001,0.0,0.0001,0.0001,0.0001,0.0002,0.0005,0.0003,0.0004,0.001,0.0006,0.0008,0.001,0.0018,0.0014,0.0012,0.0028,0.0028,0.0017,0.0032,0.0049,0.0035,0.0026,0.0081,0.0035,0.0034,0.0041,0.0093,0.0036,0.0088,0.0174,0.0142,0.0095,0.0108,0.0382,0.0139,0.0158,0.0036,0.0195,0.0212,0.0708,0.0237,0.0236,0.0384,0.0511,0.0285,0.0134,0.0403,0.0204,0.019,0.0213,0.0514,0.0174,0.024,0.0339,0.0228,0.0125,0.0214,0.0232,0.0117,0.0157,0.0225,0.0145,0.013,0.0107,0.0196,0.008,0.0079,0.0159,0.0083,0.0057,0.0091,0.0101,0.0024,0.006,0.0059,0.0022,0.0034,0.0019,0.0018,0.0019,0.0016,0.0015,0.0013,0.0008,0.0006,0.0006,0.0004,0.0003,0.0003,0.0002,0.0002,0.0002,0.0001,0.0001,0.0001,0.0001,0.0001,0.0,0.0,0.0,0.0,0.0,0.0,0.0,0.0,0.0,0.0
all,11.0,0.0,0.0,0.0,0.0,0.0,0.0,0.0,0.0,0.0,0.0,0.0001,0.0001,0.0,0.0001,0.0001,0.0001,0.0002,0.0004,0.0003,0.0003,0.0009,0.0006,0.0008,0.0009,0.0016,0.0013,0.0011,0.0026,0.0026,0.0016,0.003,0.0046,0.0033,0.0025,0.0077,0.0033,0.0032,0.0038,0.0087,0.0034,0.0084,0.0168,0.0137,0.0091,0.0102,0.0356,0.013,0.0148,0.0034,0.0187,0.0205,0.069,0.0234,0.0235,0.0384,0.0508,0.028,0.0131,0.0397,0.0204,0.0193,0.0219,0.053,0.018,0.0249,0.0352,0.0236,0.0129,0.022,0.0238,0.012,0.0161,0.023,0.0149,0.0134,0.011,0.0202,0.0083,0.0082,0.0166,0.0087,0.006,0.0096,0.0107,0.0025,0.0065,0.0064,0.0024,0.0038,0.002,0.0019,0.0019,0.0016,0.0016,0.0014,0.001,0.0007,0.0007,0.0005,0.0003,0.0003,0.0002,0.0002,0.0002,0.0002,0.0001,0.0001,0.0001,0.0001,0.0001,0.0,0.0,0.0,0.0,0.0,0.0,0.0,0.0,0.0
all,11.5,0.0,0.0,0.0,0.0,0.0,0.0,0.0,0.0,0.0,0.0,0.0001,0.0001,0.0,0.0001,0.0001,0.0001,0.0001,0.0003,0.0002,0.0003,0.0008,0.0005,0.0007,0.0009,0.0015,0.0012,0.001,0.0023,0.0024,0.0015,0.0029,0.0044,0.0032,0.0024,0.0073,0.0032,0.003,0.0036,0.0081,0.0032,0.008,0.0161,0.0132,0.0087,0.0097,0.0334,0.012,0.0138,0.0032,0.0178,0.0197,0.0669,0.0229,0.0232,0.0383,0.0507,0.0276,0.0128,0.0388,0.0202,0.0194,0.0223,0.0545,0.0186,0.0259,0.0367,0.0245,0.0133,0.0227,0.0245,0.0123,0.0165,0.0236,0.0152,0.0138,0.0114,0.0209,0.0086,0.0085,0.0173,0.0091,0.0063,0.0102,0.0114,0.0027,0.007,0.007,0.0026,0.0041,0.0022,0.002,0.002,0.0017,0.0016,0.0015,0.0011,0.0009,0.0008,0.0006,0.0004,0.0003,0.0003,0.0002,0.0002,0.0002,0.0001,0.0001,0.0001,0.0001,0.0001,0.0,0.0,0.0,0.0,0.0,0.0,0.0,0.0,0.0
all,12.0,0.0,0.0,0.0,0.0,0.0,0.0,0.0,0.0,0.0,0.0,0.0001,0.0001,0.0,0.0001,0.0001,0.0001,0.0001,0.0003,0.0002,0.0002,0.0007,0.0005,0.0007,0.0008,0.0014,0.0011,0.0009,0.0021,0.0022,0.0014,0.0027,0.0041,0.003,0.0022,0.0069,0.003,0.0028,0.0033,0.0076,0.003,0.0075,0.0154,0.0127,0.0084,0.0092,0.0314,0.0112,0.0128,0.003,0.0168,0.0188,0.0647,0.0223,0.0228,0.0381,0.0507,0.0275,0.0126,0.0379,0.0199,0.0194,0.0226,0.0559,0.0192,0.0269,0.0381,0.0255,0.0138,0.0234,0.0251,0.0126,0.0169,0.0242,0.0156,0.0142,0.0117,0.0217,0.0089,0.0088,0.0179,0.0095,0.0066,0.0107,0.012,0.0029,0.0075,0.0076,0.0029,0.0045,0.0024,0.0022,0.0021,0.0017,0.0017,0.0016,0.0012,0.001,0.0009,0.0007,0.0004,0.0003,0.0003,0.0002,0.0002,0.0002,0.0002,0.0001,0.0001,0.0001,0.0001,0.0001,0.0,0.0,0.0,0.0,0.0,0.0,0.0,0.0
all,12.5,0.0,0.0,0.0,0.0,0.0,0.0,0.0,0.0,0.0,0.0,0.0,0.0,0.0,0.0001,0.0001,0.0001,0.0001,0.0002,0.0001,0.0002,0.0006,0.0004,0.0006,0.0007,0.0013,0.001,0.0008,0.0019,0.002,0.0013,0.0026,0.0039,0.0028,0.0021,0.0065,0.0028,0.0027,0.0031,0.0071,0.0028,0.0071,0.0147,0.0122,0.008,0.0088,0.0297,0.0105,0.0119,0.0028,0.0157,0.0179,0.0622,0.0216,0.0224,0.0377,0.0506,0.0274,0.0124,0.0371,0.0195,0.0193,0.0228,0.057,0.0197,0.0278,0.0396,0.0265,0.0143,0.0242,0.0259,0.0129,0.0173,0.0248,0.016,0.0145,0.0121,0.0224,0.0092,0.0091,0.0185,0.0099,0.0069,0.0113,0.0127,0.003,0.008,0.0081,0.0031,0.005,0.0026,0.0024,0.0022,0.0018,0.0018,0.0017,0.0013,0.0011,0.0011,0.0008,0.0005,0.0004,0.0003,0.0003,0.0002,0.0002,0.0002,0.0001,0.0001,0.0001,0.0001,0.0001,0.0,0.0,0.0,0.0,0.0,0.0,0.0,0.0
all,13.0,0.0,0.0,0.0,0.0,0.0,0.0,0.0,0.0,0.0,0.0,0.0,0.0,0.0,0.0001,0.0001,0.0001,0.0001,0.0002,0.0001,0.0002,0.0006,0.0004,0.0005,0.0007,0.0012,0.0009,0.0007,0.0017,0.0018,0.0012,0.0024,0.0037,0.0027,0.002,0.0061,0.0027,0.0025,0.003,0.0066,0.0026,0.0066,0.0139,0.0116,0.0078,0.0085,0.0284,0.0099,0.0111,0.0026,0.0147,0.0169,0.0595,0.0209,0.0218,0.0371,0.0503,0.0274,0.0123,0.0364,0.019,0.0189,0.0228,0.0579,0.0202,0.0286,0.0411,0.0276,0.0149,0.0251,0.0267,0.0133,0.0178,0.0254,0.0164,0.0149,0.0124,0.0231,0.0095,0.0094,0.0191,0.0102,0.0072,0.0119,0.0135,0.0032,0.0085,0.0087,0.0034,0.0055,0.0029,0.0026,0.0023,0.0019,0.0018,0.0018,0.0014,0.0013,0.0012,0.0009,0.0006,0.0004,0.0003,0.0003,0.0002,0.0002,0.0002,0.0002,0.0001,0.0001,0.0001,0.0001,0.0001,0.0,0.0,0.0,0.0,0.0,0.0,0.0
all,13.5,0.0,0.0,0.0,0.0,0.0,0.0,0.0,0.0,0.0,0.0,0.0,0.0,0.0,0.0001,0.0001,0.0001,0.0001,0.0002,0.0001,0.0001,0.0005,0.0003,0.0005,0.0006,0.0011,0.0008,0.0007,0.0015,0.0017,0.0011,0.0023,0.0035,0.0026,0.0019,0.0058,0.0025,0.0024,0.0028,0.0062,0.0024,0.0062,0.013,0.0111,0.0074,0.0082,0.0272,0.0094,0.0104,0.0024,0.0137,0.0159,0.0566,0.0201,0.0211,0.0363,0.0498,0.0274,0.0123,0.036,0.0186,0.0185,0.0226,0.0583,0.0207,0.0295,0.0425,0.0287,0.0155,0.026,0.0277,0.0137,0.0183,0.026,0.0168,0.0152,0.0127,0.0238,0.0098,0.0097,0.0197,0.0106,0.0075,0.0124,0.0142,0.0034,0.009,0.0093,0.0036,0.006,0.0032,0.0028,0.0025,0.002,0.0019,0.0019,0.0015,0.0014,0.0014,0.0011,0.0007,0.0005,0.0004,0.0003,0.0003,0.0002,0.0002,0.0002,0.0001,0.0001,0.0001,0.0001,0.0001,0.0,0.0,0.0,0.0,0.0,0.0,0.0
all,14.0,0.0,0.0,0.0,0.0,0.0,0.0,0.0,0.0,0.0,0.0,0.0,0.0,0.0,0.0001,0.0001,0.0001,0.0001,0.0002,0.0001,0.0001,0.0004,0.0003,0.0004,0.0006,0.001,0.0008,0.0006,0.0014,0.0015,0.001,0.0021,0.0033,0.0024,0.0018,0.0055,0.0024,0.0023,0.0026,0.0059,0.0023,0.0058,0.0122,0.0105,0.0071,0.0079,0.0262,0.0089,0.0098,0.0023,0.0127,0.0148,0.0535,0.0192,0.0204,0.0354,0.049,0.0272,0.0123,0.0358,0.0183,0.0181,0.0223,0.0583,0.021,0.0302,0.0439,0.0298,0.0161,0.0271,0.0287,0.0142,0.0188,0.0268,0.0172,0.0156,0.013,0.0244,0.0102,0.01,0.0204,0.0109,0.0078,0.013,0.0149,0.0036,0.0095,0.0099,0.0039,0.0065,0.0035,0.0031,0.0028,0.0021,0.002,0.0019,0.0016,0.0015,0.0016,0.0013,0.0008,0.0006,0.0004,0.0003,0.0003,0.0002,0.0002,0.0002,0.0002,0.0001,0.0001,0.0001,0.0001,0.0001,0.0,0.0,0.0,0.0,0.0,0.0
all,14.5,0.0,0.0,0.0,0.0,0.0,0.0,0.0,0.0,0.0,0.0,0.0,0.0,0.0,0.0001,0.0001,0.0,0.0001,0.0001,0.0001,0.0001,0.0003,0.0002,0.0004,0.0005,0.0009,0.0007,0.0006,0.0013,0.0013,0.0009,0.0019,0.0031,0.0023,0.0017,0.0052,0.0023,0.0021,0.0025,0.0055,0.0021,0.0054,0.0114,0.0098,0.0068,0.0076,0.0253,0.0086,0.0093,0.0021,0.0118,0.0138,0.0502,0.0183,0.0197,0.0344,0.0481,0.027,0.0123,0.0358,0.0181,0.0178,0.0218,0.0579,0.0212,0.0309,0.0452,0.0308,0.0168,0.0282,0.0298,0.0147,0.0194,0.0275,0.0177,0.016,0.0134,0.025,0.0105,0.0104,0.0212,0.0113,0.008,0.0135,0.0156,0.0038,0.0101,0.0105,0.0042,0.007,0.0038,0.0034,0.0031,0.0023,0.0021,0.002,0.0016,0.0016,0.0017,0.0014,0.0009,0.0007,0.0005,0.0004,0.0003,0.0003,0.0002,0.0002,0.0002,0.0001,0.0001,0.0001,0.0001,0.0001,0.0,0.0,0.0,0.0,0.0,0.0
all,15.0,0.0,0.0,0.0,0.0,0.0,0.0,0.0,0.0,0.0,0.0,0.0,0.0,0.0,0.0001,0.0001,0.0,0.0001,0.0001,0.0001,0.0001,0.0003,0.0002,0.0003,0.0005,0.0008,0.0007,0.0005,0.0012,0.0012,0.0008,0.0017,0.0029,0.0022,0.0016,0.005,0.0021,0.002,0.0024,0.0053,0.002,0.0051,0.0106,0.0092,0.0064,0.0073,0.0244,0.0083,0.0089,0.002,0.0111,0.0129,0.047,0.0173,0.0189,0.0333,0.0469,0.0266,0.0123,0.0358,0.018,0.0175,0.0213,0.0571,0.0212,0.0314,0.0464,0.0319,0.0174,0.0294,0.0311,0.0152,0.0201,0.0284,0.0182,0.0165,0.0137,0.0257,0.0108,0.0107,0.0219,0.0117,0.0083,0.014,0.0163,0.004,0.0107,0.0111,0.0044,0.0075,0.0041,0.0038,0.0034,0.0025,0.0023,0.0021,0.0017,0.0016,0.0018,0.0016,0.0011,0.0008,0.0006,0.0004,0.0003,0.0003,0.0002,0.0002,0.0002,0.0002,0.0001,0.0001,0.0001,0.0001,0.0001,0.0,0.0,0.0,0.0,0.0
all,15.5,0.0,0.0,0.0,0.0,0.0,0.0,0.0,0.0,0.0,0.0,0.0,0.0,0.0,0.0001,0.0,0.0,0.0001,0.0001,0.0001,0.0001,0.0002,0.0002,0.0003,0.0004,0.0008,0.0006,0.0005,0.0011,0.0011,0.0007,0.0016,0.0026,0.002,0.0015,0.0047,0.002,0.0019,0.0022,0.005,0.0019,0.0048,0.01,0.0086,0.006,0.0069,0.0235,0.008,0.0085,0.0019,0.0104,0.012,0.0438,0.0163,0.018,0.0321,0.0456,0.0261,0.0122,0.0358,0.018,0.0173,0.0209,0.056,0.021,0.0317,0.0474,0.0328,0.0181,0.0306,0.0324,0.0158,0.0208,0.0293,0.0187,0.0169,0.0141,0.0263,0.0111,0.0111,0.0227,0.0122,0.0086,0.0145,0.017,0.0042,0.0113,0.0118,0.0047,0.008,0.0044,0.0041,0.0037,0.0028,0.0025,0.0022,0.0017,0.0017,0.0019,0.0018,0.0012,0.0009,0.0007,0.0005,0.0004,0.0003,0.0003,0.0002,0.0002,0.0002,0.0001,0.0001,0.0001,0.0001,0.0001,0.0,0.0,0.0,0.0,0.0
all,16.0,0.0,0.0,0.0,0.0,0.0,0.0,0.0,0.0,0.0,0.0,0.0,0.0,0.0,0.0001,0.0,0.0,0.0001,0.0001,0.0001,0.0001,0.0002,0.0001,0.0002,0.0003,0.0007,0.0006,0.0005,0.001,0.001,0.0007,0.0014,0.0024,0.0019,0.0015,0.0045,0.0019,0.0018,0.0021,0.0047,0.0018,0.0045,0.0093,0.0081,0.0057,0.0066,0.0225,0.0077,0.0082,0.0018,0.0098,0.0112,0.0408,0.0153,0.017,0.0308,0.0442,0.0255,0.012,0.0357,0.0181,0.0172,0.0206,0.0548,0.0208,0.0317,0.0482,0.0337,0.0187,0.0318,0.0337,0.0165,0.0216,0.0303,0.0193,0.0174,0.0145,0.027,0.0113,0.0114,0.0235,0.0126,0.0089,0.015,0.0176,0.0044,0.0119,0.0125,0.005,0.0085,0.0047,0.0045,0.0041,0.0031,0.0027,0.0024,0.0018,0.0017,0.002,0.0019,0.0014,0.0011,0.0008,0.0006,0.0004,0.0003,0.0003,0.0003,0.0002,0.0002,0.0002,0.0001,0.0001,0.0001,0.0001,0.0001,0.0,0.0,0.0,0.0
all,16.5,0.0,0.0,0.0,0.0,0.0,0.0,0.0,0.0,0.0,0.0,0.0,0.0,0.0,0.0001,0.0,0.0,0.0,0.0001,0.0001,0.0001,0.0002,0.0001,0.0002,0.0003,0.0006,0.0005,0.0004,0.001,0.001,0.0006,0.0013,0.0021,0.0017,0.0014,0.0043,0.0018,0.0017,0.002,0.0045,0.0017,0.0042,0.0088,0.0075,0.0053,0.0062,0.0214,0.0074,0.0079,0.0017,0.0093,0.0105,0.038,0.0142,0.016,0.0293,0.0426,0.0248,0.0118,0.0354,0.0181,0.0172,0.0204,0.0537,0.0204,0.0315,0.0487,0.0345,0.0192,0.0329,0.0351,0.0172,0.0225,0.0314,0.0199,0.0179,0.0149,0.0278,0.0116,0.0117,0.0242,0.013,0.0093,0.0156,0.0182,0.0046,0.0124,0.0132,0.0053,0.009,0.0051,0.0048,0.0045,0.0034,0.003,0.0026,0.0019,0.0018,0.0021,0.002,0.0015,0.0012,0.001,0.0007,0.0005,0.0004,0.0003,0.0003,0.0002,0.0002,0.0002,0.0002,0.0001,0.0001,0.0001,0.0001,0.0,0.0,0.0,0.0
all,17.0,0.0,0.0,0.0,0.0,0.0,0.0,0.0,0.0,0.0,0.0,0.0,0.0,0.0,0.0,0.0,0.0,0.0,0.0001,0.0001,0.0001,0.0002,0.0001,0.0002,0.0002,0.0005,0.0004,0.0004,0.0009,0.0009,0.0006,0.0012,0.0019,0.0015,0.0013,0.004,0.0018,0.0016,0.0019,0.0042,0.0016,0.004,0.0083,0.0071,0.005,0.0058,0.0203,0.0071,0.0076,0.0017,0.0089,0.0099,0.0355,0.0132,0.015,0.0278,0.0408,0.024,0.0115,0.0349,0.018,0.0173,0.0203,0.0529,0.0199,0.0311,0.0488,0.0351,0.0198,0.0341,0.0365,0.0179,0.0234,0.0326,0.0206,0.0185,0.0153,0.0285,0.0119,0.012,0.0249,0.0135,0.0096,0.0161,0.0189,0.0047,0.013,0.0139,0.0056,0.0095,0.0054,0.0052,0.0048,0.0037,0.0033,0.0028,0.0021,0.0019,0.0022,0.0021,0.0016,0.0014,0.0011,0.0008,0.0006,0.0004,0.0003,0.0003,0.0003,0.0002,0.0002,0.0002,0.0001,0.0001,0.0001,0.0001,0.0001,0.0,0.0,0.0
all,17.5,0.0,0.0,0.0,0.0,0.0,0.0,0.0,0.0,0.0,0.0,0.0,0.0,0.0,0.0,0.0,0.0,0.0,0.0001,0.0001,0.0001,0.0001,0.0001,0.0001,0.0002,0.0004,0.0004,0.0004,0.0008,0.0008,0.0005,0.0011,0.0017,0.0014,0.0011,0.0037,0.0017,0.0016,0.0018,0.004,0.0015,0.0038,0.0079,0.0067,0.0046,0.0054,0.0191,0.0068,0.0074,0.0016,0.0085,0.0094,0.0333,0.0123,0.014,0.0261,0.0389,0.0231,0.0112,0.0343,0.0179,0.0173,0.0203,0.0524,0.0195,0.0305,0.0485,0.0354,0.0202,0.0351,0.0378,0.0187,0.0244,0.0339,0.0213,0.0191,0.0157,0.0293,0.0123,0.0123,0.0256,0.0139,0.01,0.0167,0.0196,0.0049,0.0135,0.0145,0.0059,0.0101,0.0057,0.0055,0.0052,0.0041,0.0036,0.0031,0.0023,0.002,0.0023,0.0022,0.0017,0.0015,0.0013,0.001,0.0007,0.0005,0.0004,0.0003,0.0003,0.0002,0.0002,0.0002,0.0002,0.0001,0.0001,0.0001,0.0001,0.0,0.0,0.0
all,18.0,0.0,0.0,0.0,0.0,0.0,0.0,0.0,0.0,0.0,0.0,0.0,0.0,0.0,0.0,0.0,0.0,0.0,0.0001,0.0,0.0001,0.0001,0.0001,0.0001,0.0002,0.0003,0.0003,0.0003,0.0007,0.0008,0.0005,0.001,0.0016,0.0013,0.001,0.0035,0.0016,0.0015,0.0017,0.0038,0.0015,0.0036,0.0074,0.0063,0.0043,0.0051,0.0179,0.0064,0.007,0.0016,0.0082,0.009,0.0314,0.0115,0.013,0.0244,0.0368,0.0222,0.0108,0.0335,0.0176,0.0172,0.0203,0.0522,0.0192,0.0299,0.0478,0.0355,0.0206,0.036,0.0391,0.0194,0.0255,0.0353,0.0222,0.0197,0.0162,0.0302,0.0126,0.0126,0.0263,0.0143,0.0103,0.0173,0.0203,0.0051,0.014,0.0152,0.0062,0.0107,0.0061,0.0059,0.0056,0.0044,0.004,0.0035,0.0025,0.0022,0.0024,0.0022,0.0018,0.0016,0.0014,0.0011,0.0008,0.0006,0.0004,0.0003,0.0003,0.0003,0.0002,0.0002,0.0002,0.0001,0.0001,0.0001,0.0001,0.0001,0.0,0.0
all,18.5,0.0,0.0,0.0,0.0,0.0,0.0,0.0,0.0,0.0,0.0,0.0,0.0,0.0,0.0,0.0,0.0,0.0,0.0001,0.0,0.0,0.0001,0.0001,0.0001,0.0001,0.0003,0.0003,0.0003,0.0007,0.0007,0.0005,0.0009,0.0015,0.0011,0.0009,0.0032,0.0015,0.0014,0.0016,0.0036,0.0014,0.0034,0.0071,0.0059,0.0041,0.0047,0.0167,0.006,0.0067,0.0015,0.0079,0.0086,0.0298,0.0108,0.0121,0.0228,0.0346,0.0211,0.0104,0.0325,0.0173,0.0171,0.0203,0.0521,0.019,0.0292,0.0468,0.0352,0.0207,0.0368,0.0403,0.0201,0.0265,0.0368,0.0231,0.0204,0.0167,0.0311,0.0129,0.013,0.0269,0.0147,0.0106,0.0179,0.0211,0.0053,0.0145,0.0158,0.0065,0.0113,0.0064,0.0062,0.006,0.0048,0.0043,0.0038,0.0027,0.0023,0.0025,0.0023,0.0018,0.0017,0.0015,0.0013,0.001,0.0007,0.0005,0.0004,0.0003,0.0003,0.0002,0.0002,0.0002,0.0002,0.0001,0.0001,0.0001,0.0001,0.0,0.0
all,19.0,0.0,0.0,0.0,0.0,0.0,0.0,0.0,0.0,0.0,0.0,0.0,0.0,0.0,0.0,0.0,0.0,0.0,0.0001,0.0,0.0,0.0001,0.0001,0.0001,0.0001,0.0002,0.0002,0.0002,0.0006,0.0006,0.0004,0.0008,0.0013,0.001,0.0008,0.0029,0.0013,0.0013,0.0016,0.0034,0.0013,0.0032,0.0067,0.0056,0.0039,0.0044,0.0156,0.0057,0.0064,0.0014,0.0077,0.0083,0.0285,0.0102,0.0113,0.0212,0.0323,0.02,0.01,0.0315,0.0168,0.0168,0.0203,0.0522,0.0189,0.0288,0.0458,0.0347,0.0208,0.0374,0.0413,0.0208,0.0275,0.0383,0.024,0.0212,0.0173,0.032,0.0133,0.0133,0.0276,0.0151,0.0109,0.0185,0.0218,0.0055,0.015,0.0164,0.0068,0.0119,0.0068,0.0066,0.0063,0.0051,0.0047,0.0042,0.003,0.0026,0.0027,0.0024,0.0019,0.0018,0.0017,0.0014,0.0011,0.0008,0.0006,0.0004,0.0003,0.0003,0.0003,0.0002,0.0002,0.0002,0.0001,0.0001,0.0001,0.0001,0.0001,0.0
all,19.5,0.0,0.0,0.0,0.0,0.0,0.0,0.0,0.0,0.0,0.0,0.0,0.0,0.0,0.0,0.0,0.0,0.0,0.0001,0.0,0.0,0.0001,0.0001,0.0001,0.0001,0.0002,0.0002,0.0002,0.0005,0.0006,0.0004,0.0008,0.0012,0.001,0.0008,0.0026,0.0012,0.0012,0.0015,0.0033,0.0012,0.0031,0.0063,0.0053,0.0036,0.0042,0.0146,0.0053,0.006,0.0014,0.0074,0.008,0.0273,0.0097,0.0106,0.0197,0.0301,0.0187,0.0095,0.0303,0.0164,0.0165,0.0201,0.0521,0.0189,0.0284,0.0448,0.034,0.0206,0.0377,0.0422,0.0214,0.0285,0.0399,0.025,0.022,0.0179,0.033,0.0137,0.0137,0.0283,0.0154,0.0112,0.0191,0.0226,0.0056,0.0156,0.0169,0.0071,0.0125,0.0072,0.007,0.0067,0.0054,0.0051,0.0046,0.0033,0.0028,0.0029,0.0026,0.002,0.0019,0.0017,0.0016,0.0013,0.001,0.0007,0.0005,0.0004,0.0003,0.0003,0.0002,0.0002,0.0002,0.0002,0.0001,0.0001,0.0001,0.0001,0.0
all,20.0,0.0,0.0,0.0,0.0,0.0,0.0,0.0,0.0,0.0,0.0,0.0,0.0,0.0,0.0,0.0,0.0,0.0,0.0001,0.0,0.0,0.0001,0.0001,0.0001,0.0001,0.0002,0.0002,0.0002,0.0004,0.0005,0.0004,0.0007,0.0012,0.0009,0.0007,0.0023,0.0011,0.0011,0.0014,0.0031,0.0012,0.0029,0.006,0.005,0.0034,0.0039,0.0137,0.0049,0.0056,0.0013,0.007,0.0077,0.0263,0.0092,0.01,0.0184,0.028,0.0175,0.009,0.029,0.0158,0.0161,0.0198,0.0519,0.0189,0.0283,0.0441,0.0332,0.0203,0.0378,0.0429,0.0219,0.0294,0.0414,0.026,0.0229,0.0186,0.034,0.0141,0.014,0.0291,0.0158,0.0115,0.0196,0.0233,0.0058,0.0161,0.0175,0.0073,0.013,0.0076,0.0074,0.0071,0.0058,0.0054,0.0049,0.0036,0.0031,0.0032,0.0028,0.0021,0.0019,0.0018,0.0017,0.0014,0.0011,0.0008,0.0006,0.0004,0.0003,0.0003,0.0003,0.0002,0.0002,0.0002,0.0001,0.0001,0.0001,0.0001,0.0001
