sport,market,cohort,variant,seasons,whole_lines,pushes,push_rate,table_push,resid_push,half_lines,neighbour_landings,neighbour_rate,table_neighbour,resid_neighbour,source,push_change_fisher_p,neighbour_change_fisher_p,totals,keys,close_on_K,landed_on_K,rate_on_K,table,residual,close_half_away,landed_half_away,rate_half_away
NFL,total,all,primary,all tested,1456,28,0.019230769230769232,0.030592188168458344,0.028866340436932765,1572,101,0.03212468193384224,0.030257864763893066,0.02964369898908548,held-out predictions,,,,,,,,,,,,
NFL,total,all,primary,2015 on,1456,28,0.019230769230769232,0.030592188168458344,0.028866340436932765,1572,101,0.03212468193384224,0.030257864763893066,0.02964369898908548,held-out predictions,,,,,,,,,,,,
NFL,total,all,"era: landing 1999 on, tested 1999-2025",all tested,3707,106,0.028594550849743727,0.03151020707317711,0.028731148316648657,3569,206,0.02885962454469039,0.03070816758731987,0.02957989026654046,held-out predictions,,,,,,,,,,,,
NFL,total,all,"era: landing 1999 on, tested 1999-2025",to 2014,2251,78,0.0346512661039538,0.03180380210928102,0.028643702858126376,1997,105,0.02628943415122684,0.030799667140275835,0.029529661267120953,held-out predictions,,,,,,,,,,,,
NFL,total,all,"era: landing 1999 on, tested 1999-2025",2015 on,1456,28,0.019230769230769232,0.031056304307881866,0.028866340436932765,1572,101,0.03212468193384224,0.03059193055980521,0.02964369898908548,held-out predictions,,,,,,,,,,,,
CFB,total,all,primary,all tested,6781,173,0.025512461288895442,0.024991091150576576,0.02457064620309714,8987,433,0.0240903527317236,0.024791944381430432,0.024161666148029903,held-out predictions,,,,,,,,,,,,
CFB,total,all,primary,to 2014,2740,59,0.021532846715328468,0.024958525966445932,0.024602858667785863,2323,114,0.024537236332328884,0.024542761508556304,0.02419131834036718,held-out predictions,,,,,,,,,,,,
CFB,total,all,primary,2015 on,4041,114,0.028210838901262063,0.025013171973273428,0.02454880454181352,6664,319,0.023934573829531812,0.024878806898490247,0.024151329707033584,held-out predictions,,,,,,,,,,,,
NFL,total,windy,primary,all tested,120,3,0.025,0.029010767262671232,0.024597326248851692,114,6,0.02631578947368421,0.028814236234178787,0.0253135849152934,held-out predictions,,,,,,,,,,,,
NFL,total,windy,primary,2015 on,120,3,0.025,0.029010767262671232,0.024597326248851692,114,6,0.02631578947368421,0.028814236234178787,0.0253135849152934,held-out predictions,,,,,,,,,,,,
NFL,total,windy,"era: landing 1999 on, tested 1999-2025",all tested,365,10,0.0273972602739726,0.02991120407871139,0.02455636485493929,327,14,0.021406727828746176,0.029312301107780634,0.02533465122202348,held-out predictions,,,,,,,,,,,,
NFL,total,windy,"era: landing 1999 on, tested 1999-2025",to 2014,245,7,0.02857142857142857,0.030082871930839254,0.024536302131390353,213,8,0.018779342723004695,0.029421839084200745,0.025345926146752257,held-out predictions,,,,,,,,,,,,
NFL,total,windy,"era: landing 1999 on, tested 1999-2025",2015 on,120,3,0.025,0.029560715547283678,0.024597326248851692,114,6,0.02631578947368421,0.029107638046574645,0.0253135849152934,held-out predictions,,,,,,,,,,,,
CFB,total,windy,primary,all tested,413,11,0.026634382566585957,0.025515254453925815,0.024500379784672552,538,27,0.02509293680297398,0.025232359208396053,0.023992893284547477,held-out predictions,,,,,,,,,,,,
CFB,total,windy,primary,to 2014,169,4,0.023668639053254437,0.025530700196123576,0.02415052891486903,150,11,0.03666666666666667,0.02504011655532161,0.02360224766316416,held-out predictions,,,,,,,,,,,,
CFB,total,windy,primary,2015 on,244,7,0.028688524590163935,0.025504556378387194,0.024742694526462695,388,16,0.020618556701030927,0.025306679821698028,0.024143916076319383,held-out predictions,,,,,,,,,,,,
NFL,spread,all,primary,all tested,1494,75,0.050200803212851405,0.04889887292065108,0.045422894994465085,1534,145,0.04726205997392438,0.04244355722686257,0.04080266769656797,held-out predictions,,,,,,,,,,,,
NFL,spread,all,primary,2015 on,1494,75,0.050200803212851405,0.04889887292065108,0.045422894994465085,1534,145,0.04726205997392438,0.04244355722686257,0.04080266769656797,held-out predictions,,,,,,,,,,,,
NFL,spread,all,pure 2015 (added after the first run),all tested,1494,75,0.050200803212851405,0.052973611450211,0.045422894994465085,1534,145,0.04726205997392438,0.04594338150218947,0.04080266769656797,held-out predictions,,,,,,,,,,,,
NFL,spread,all,pure 2015 (added after the first run),2015 on,1494,75,0.050200803212851405,0.052973611450211,0.045422894994465085,1534,145,0.04726205997392438,0.04594338150218947,0.04080266769656797,held-out predictions,,,,,,,,,,,,
NFL,total,all,nflverse close,1999-2014,2251,78,0.0346512661039538,,,1997,105,0.02628943415122684,,,raw line-type check,,,,,,,,,,,,
NFL,total,all,nflverse close,2015-2025,1456,28,0.019230769230769232,,,1572,101,0.03212468193384224,,,raw line-type check,0.006222449532267417,0.1544247470785718,,,,,,,,,,
NFL,total,all,SBR close,2007-2014,1121,38,0.03389830508474576,,,1013,65,0.032082922013820334,,,raw line-type check,,,,,,,,,,,,
NFL,total,all,SBR close,2015-2021,937,17,0.01814300960512273,,,947,50,0.026399155227032733,,,raw line-type check,0.028351463413597795,0.2992333726683347,,,,,,,,,,
CFB,total,all,,2006-2025,,,,,,,,,,,raw on-K check (added after review),,,strongest 6,37 41 45 51 55 69,1109,40,0.03606853020739405,0.03625094679891794,0.0246,2897,109,0.037625129444252677
CFB,total,all,,2006-2025,,,,,,,,,,,raw on-K check (added after review),,,weakest 6,39 46 53 60 67 74,865,17,0.019653179190751446,0.012810057803468207,0.024599999999999997,2450,27,0.011020408163265306
