id,tier,pull,arithmetic,credits,credits_2026,credits_2026_by_oct1,value,primary_hypothesis,gate,dropped,in_plan,cumulative
P0,day_one,"Probe: key check (free), historical /events sweeps for all 16 sport keys (exact schedules), 7 billing and coverage probes (NFL billing x4; NCAAF 2020, MLB 2024 and MLS 2024 featured closes)","~10,400 sweeps x 1 + 7 probes at <= 30-60",10700,0,0,5,"Settles the billing multiplier, Pinnacle's NCAAF history in 2020, and MLB and MLS totals history",,False,True,10700
F1,day_one,"NFL+CFB featured, 10 books, daily 16:00 UTC for 7 days pre-kickoff + every close, 2020-26","30 x 5,407 snapshots",162210,24540,5670,4,"Price engine (#8); Rule HT and Rule B re-graded at Pinnacle's close; H16a and H16b (#16, #42)",,False,True,172910
F2,day_one,"NFL alternate spreads and alternate totals at T-24h and the close, 2023-26 (no T-2h snapshot: no hypothesis; no team totals: the M4 pre-check failed)","10 x 2 mkts x 2 snaps x 1,140 games",45600,11400,1920,3,Alternate lines misprice key-number crossings vs recent-era margins,,False,True,218510
N0,day_one,"NBA sample week Jan 5-11, 2026 at schedule A, h2h, 3 sharp books (`markets odds-pull --schedule A`, PLAN.md s8; the snapshots land in N1's cache)",10 x 754 snapshots,7540,0,0,4,H1/H2 on the sample week: the gate for N1,,False,True,226050
HB1,day_one,MLB heat closes: 10 books at the close of each 2024-25 game whose day-1 forecast temperature at first pitch is >= 90 F at an open park (`markets weather qualifying` lists them first),"30 x <= 146 qualifying games, one close slot each (upper bound)",4380,0,0,2,"B-H1, descriptive only (HEAT_HYPOTHESES.md amendment 4): the over's record at Pinnacle's close in hot games",,False,True,230430
HS1,day_one,Soccer heat closes: 10 books at the close of each 2024-25 league or tournament match whose day-1 forecast heat index at kickoff is >= 90 F at an open venue,"30 x <= 272 qualifying matches, one close slot each (upper bound)",8160,0,0,2,"S-H1, descriptive only (amendment 4): the under's record at Pinnacle's close in hot matches",,False,True,238590
F3a,gated,"NFL props: pass/rush/rec yds, receptions, kicking points, FGs made at T-24h and the close, the 2025 season",120 x 285 games,34200,0,0,3,#10 as rewritten by #41: the posted line sits above the empirical median; kicking-points unders in wind/cold (#21),"Only after #41's free pre-registration, before any prop line is seen: #10 rewritten as 'the posted line sits above the empirical median of the player's outcome distribution, and the under's price is not asymmetric enough to remove the edge'; the distribution model and the de-vig method registered; the 2023-25 mean-minus-median gap per market computed from player_week.parquet and kicks.parquet. Posted lines are not on disk, so the line-vs-median check itself runs on this 2025 slice.",False,True,272790
F3b,gated,"NFL props, the same markets and snapshots, 2023-24 and the 2026 games played",120 x 855 games,102600,34200,5760,3,#10 on 2023-25 (act if the under beats the de-vigged close with p < 0.01 in each year and each market),"Only if, on the 2025 slice (F3a), the posted line sits above the empirical median in at least 3 of the 4 yardage markets and the under's excess win rate over the de-vigged close is positive pooled. If the lines sit at the median, F3b moves to March and only the kicking markets (#21) stay in play.",False,True,375390
N1,gated,"NBA 2025-26 at 5-min resolution, h2h, 3 sharp books (PLAN.md schedule D), less the sample week","10 x (49,398 - 754) snapshots",486440,0,0,2,H1/H2 on the full season (PLAN.md),"Only if the sample week shows an H1 edge (net-of-fee edge flags with fills and positive CLV to Pinnacle's close) or an H2 lag (median catch-up lag of 10 minutes or more), exactly as PLAN.md s8 step 3 and s9 decision 2 require. Decide by about Oct 20.",False,True,861830
F4,gated,"NFL+CFB featured, 10 books, HOURLY for 7 days pre-kickoff, 2020-26, net of F1 (every F1 snapshot is on the hourly grid and shares the cache)","30 x (53,481 - 5,407) snapshots",1442220,207090,40650,3,Hour-to-hour moves reverse before the close (#16); only worth asking if H16b holds daily,"Only if H16b passes on F1's daily grid (#42): a move of a point or more on day t reverses by the close, graded on CLV; fading it earns at least 0.25 points of CLV with the 95% interval above zero, in both sports, in 4 of 6 seasons. Decide by about Oct 20. H16a (fade the move at the close, graded on ROI, must beat the vig) is a separate variant with a free SBR pre-check for 2007-21; it does not unlock F4.",False,True,2304050
H1,march,"NHL featured (moneyline, puck line, totals), daily + every close, 2020-26 (estimate)","30 x 5,462 snapshots (estimate)",163860,0,0,2,Soft-price flags at the best price (the price engine on a second sport),"March 2027, only if the price engine worked on football (F1's rule) and a data-use line has been written.",False,False,2304050
N2,march,"NBA featured, daily + every close, seasons other than 2025-26 (estimate)","30 x 5,682 snapshots (estimate)",170460,0,0,2,Soft-price flags at the best price (the price engine on a second sport),"March 2027, only if the price engine worked on football (F1's rule) and a data-use line has been written.",False,False,2304050
F5,march,"CFB alternate lines and team totals at T-24h and close, 2023-26","10 x 3 mkts x 2 snaps x 3,698 games",221880,56040,19860,2,Rule HT-style shrinkage shows up in team totals and alternates,"March 2027, only if Rule HT's re-grade at Pinnacle's close (F1, 2020-25) keeps its win rate above the break-even of the prices; the team-totals slice at the close (36,980) is the part worth having.",False,False,2304050
F6,march,"CFB props (4 yardage markets) at the close, 2023-26 (upper bound; thin coverage)","10 x 4 mkts x 3,698 games",147920,37360,13240,1,Median-vs-mean props in CFB,"March 2027, only if #10 passes on NFL (F3) and a 30-credit probe finds CFB props at the close.",False,False,2304050
B1,replaced,"MLB featured (moneyline, run line, totals), daily + every close, 2020-26 (estimate)","30 x 11,949 snapshots (estimate)",358470,0,0,3,"Replaced by HB1 on Sep 29 (#38): heat is descriptive and closes-only, so the full history buys nothing",,False,False,2304050
S1,replaced,"Soccer heat leagues and tournaments, featured (h2h 3-way, spreads, totals), daily + every close","30 x 16,399 snapshots (estimate)",491970,0,0,3,"Replaced by HS1 on Sep 29 (#38), for the same reason",,False,False,2304050
X3,dropped,"Exchange book group (Kalshi, Polymarket, Novig, ProphetX), hourly, 2025","10 x 3 x 7,721 snapshots",231630,0,0,1,Better data is free from Kalshi and Polymarket directly,,True,False,2304050
X2,deferred,"5-min NFL+CFB totals for 72h before windy kickoffs, 2024-25","10 x 1 x 70,558 snapshots",705580,0,0,1,Forecast-run timing; needs run-issue timestamps first (#40),,False,False,2304050
