screen,thesis,source,era,bets,wins,win_pct,win_lo,win_hi,breakeven,roi_110,p_vs_breakeven,p_vs_50,note
NFL: Wong teaser legs,6-pt teaser through 3 and 7 (Wong 2001),"Wong, Sharp Sports Betting (2001)",1999–2025,1391,1039,0.7469446441409058,0.7234380674899427,0.7690909766681896,0.7385489458759964,,0.24842367470113363,7.238881438895499e-79,break-even = 2-team at -120
NFL: Wong teaser legs,6-pt teaser through 3 and 7 (Wong 2001),"Wong, Sharp Sports Betting (2001)",1999–2013,590,433,0.7338983050847457,0.6968093186576645,0.7679610847630456,0.7385489458759964,,0.6219603155683466,8.021020452199641e-31,break-even = 2-team at -120
NFL: Wong teaser legs,6-pt teaser through 3 and 7 (Wong 2001),"Wong, Sharp Sports Betting (2001)",2014–2025,801,606,0.7565543071161048,0.7256546539703504,0.7850048348035895,0.7385489458759964,,0.1310991820148527,8.598108060853029e-50,break-even = 2-team at -120
NFL: Wong teaser legs,6-pt teaser through 3 and 7 (Wong 2001),"Wong, Sharp Sports Betting (2001)",2020–2025,447,339,0.7583892617449665,0.7166124928412932,0.7957625852349092,0.7385489458759964,,0.1842765996758737,7.751424529691886e-29,break-even = 2-team at -120
NFL: Wong teaser legs,6-pt teaser through 3 and 7 (Wong 2001),"Wong, Sharp Sports Betting (2001)",2022–2025,322,236,0.7329192546583851,0.6820548594381709,0.7782915174517046,0.7385489458759964,,0.6188440360948104,2.625161972069795e-17,break-even = 2-team at -120
NFL: Wong teaser legs by total,"Wong legs, total <= 43.5",Wong (2001); lower totals make 6 points worth more,2014–2025,289,216,0.7474048442906575,0.6942878769407971,0.7940307226024373,0.7385489458759964,,0.39522849628641454,1.4006232286335408e-17,break-even = 2-team at -120
NFL: Wong teaser legs by total,"Wong legs, total 44-48.5",Wong (2001); lower totals make 6 points worth more,2014–2025,356,281,0.7893258426966292,0.7439898455602605,0.8284842652707274,0.7385489458759964,,0.015479279699093804,3.8199732732868773e-29,break-even = 2-team at -120
NFL: Wong teaser legs by total,"Wong legs, total >= 49",Wong (2001); lower totals make 6 points worth more,2014–2025,156,109,0.6987179487179487,0.6226525096249272,0.7652314955401861,0.7385489458759964,,0.8882002444090528,7.532489029546564e-07,break-even = 2-team at -120
NFL: road teams (HFA decline),Market slow to shrink home-field advantage,FiveThirtyEight 2021; PFF 2025,1999–2013,3840,1953,0.50859375,0.4927807165497957,0.5243896059733799,0.5238095238095238,-0.029048295454545445,0.971512814397917,0.29420791377209504,mean result - line +0.16
NFL: road teams (HFA decline),Market slow to shrink home-field advantage,FiveThirtyEight 2021; PFF 2025,2014–2019,1524,790,0.5183727034120735,0.49327151604827846,0.5433814982432555,0.5238095238095238,-0.01037938439513246,0.6739770476444162,0.1588518666427495,mean result - line -0.24
NFL: road teams (HFA decline),Market slow to shrink home-field advantage,FiveThirtyEight 2021; PFF 2025,2020–2025,1624,818,0.5036945812807881,0.47939694391452964,0.5279747807053595,0.5238095238095238,-0.038401253918495304,0.9502592885981904,0.7848936175843783,mean result - line +0.27
NFL: high totals under,Total >= season mean + 5 -> under,"Paul & Weinbach (2002), J. Sports Econ.",2001–2025,778,421,0.5411311053984575,0.5059989320578635,0.5758590811253694,0.5238095238095238,0.03306847394250996,0.17582178690944486,0.023842745256105916,1979-2000 in-sample; 2001+ is out of sample
NFL: high totals under,Total >= season mean + 5 -> under,"Paul & Weinbach (2002), J. Sports Econ.",2014–2025,336,181,0.5386904761904762,0.4852503602637729,0.5912558708744985,0.5238095238095238,0.02840909090909087,0.3117853593309868,0.17251969089785868,1979-2000 in-sample; 2001+ is out of sample
NFL: high totals under,Total >= season mean + 5 -> under,"Paul & Weinbach (2002), J. Sports Econ.",2020–2025,189,108,0.5714285714285714,0.5001440635770695,0.63986722029529,0.5238095238095238,0.09090909090909094,0.10769444345043469,0.05830726394977069,1979-2000 in-sample; 2001+ is out of sample
NFL: high totals under,Total >= season mean + 7 -> under,"Paul & Weinbach (2002), J. Sports Econ.",2001–2025,379,203,0.5356200527704486,0.48530258671812837,0.5852226644562477,0.5238095238095238,0.022547373470856287,0.3415655830027452,0.18162777560191595,1979-2000 in-sample; 2001+ is out of sample
NFL: high totals under,Total >= season mean + 7 -> under,"Paul & Weinbach (2002), J. Sports Econ.",2014–2025,167,91,0.5449101796407185,0.4692193382566731,0.618581291098238,0.5238095238095238,0.04028307022319002,0.32012041112534473,0.2786120692135602,1979-2000 in-sample; 2001+ is out of sample
NFL: high totals under,Total >= season mean + 7 -> under,"Paul & Weinbach (2002), J. Sports Econ.",2020–2025,89,50,0.5617977528089888,0.45828020628709,0.6602011641330666,0.5238095238095238,0.07252298263534217,0.2709234585000989,0.2890960806960612,1979-2000 in-sample; 2001+ is out of sample
NFL: primetime unders,all primetime -> under,"Media trend (Covers, SI, 2023-25)",1999–2025,1096,572,0.5218978102189781,0.4922993386601057,0.5513433095175955,0.5238095238095238,-0.0036496350364963502,0.5625426090465837,0.1556669357346397,
NFL: primetime unders,all primetime -> under,"Media trend (Covers, SI, 2023-25)",1999–2013,453,231,0.5099337748344371,0.4640088019313808,0.5556916806866646,0.5238095238095238,-0.026490066225165563,0.7385035390487278,0.7070557804668209,
NFL: primetime unders,all primetime -> under,"Media trend (Covers, SI, 2023-25)",2014–2021,414,212,0.5120772946859904,0.4640376648383062,0.5598948493010232,0.5238095238095238,-0.022397891963109373,0.7011337963597799,0.6583054571618326,
NFL: primetime unders,all primetime -> under,"Media trend (Covers, SI, 2023-25)",2022–2025,229,129,0.5633187772925764,0.498558823461183,0.625989367240135,0.5238095238095238,0.07542675664946405,0.12894822713032278,0.06403590964473323,
NFL: primetime unders,Thursday night -> under,"Media trend (Covers, SI, 2023-25)",1999–2025,262,136,0.5190839694656488,0.4587458019926023,0.5788705831028831,0.5238095238095238,-0.009021512838306716,0.585457791329549,0.5782801112786278,
NFL: primetime unders,Thursday night -> under,"Media trend (Covers, SI, 2023-25)",1999–2013,74,39,0.527027027027027,0.41477158311547435,0.6366148220971626,0.5238095238095238,0.006142506142506125,0.5250142097871251,0.7275470834894697,
NFL: primetime unders,Thursday night -> under,"Media trend (Covers, SI, 2023-25)",2014–2021,120,63,0.525,0.43626835924004914,0.6121806272071544,0.5238095238095238,0.0022727272727272783,0.5265830481492482,0.6482600518210055,
NFL: primetime unders,Thursday night -> under,"Media trend (Covers, SI, 2023-25)",2022–2025,68,34,0.5,0.3843786388809909,0.6156213611190091,0.5238095238095238,-0.04545454545454544,0.6968915350051386,1.0,
NFL: primetime unders,Sunday night -> under,"Media trend (Covers, SI, 2023-25)",1999–2025,429,224,0.5221445221445221,0.4748893820583294,0.5690065835789845,0.5238095238095238,-0.00317863954227593,0.5470139235826107,0.38484367324561464,
NFL: primetime unders,Sunday night -> under,"Media trend (Covers, SI, 2023-25)",1999–2013,221,113,0.5113122171945701,0.4457790391182861,0.5764588385698284,0.5238095238095238,-0.023858494446729713,0.6700557912425007,0.7879494257042353,
NFL: primetime unders,Sunday night -> under,"Media trend (Covers, SI, 2023-25)",2014–2021,138,66,0.4782608695652174,0.3966396690369733,0.5610596236952011,0.5238095238095238,-0.08695652173913043,0.8762342771351656,0.6705341002455008,
NFL: primetime unders,Sunday night -> under,"Media trend (Covers, SI, 2023-25)",2022–2025,70,45,0.6428571428571429,0.5258817704420135,0.7449682653101913,0.5238095238095238,0.22727272727272724,0.029694441137269663,0.022462895492509273,
NFL: primetime unders,Monday night -> under,"Media trend (Covers, SI, 2023-25)",1999–2025,349,184,0.5272206303724928,0.47482894836243045,0.579019577434981,0.5238095238095238,0.006512112529304529,0.4708474077023672,0.335296388673344,
NFL: primetime unders,Monday night -> under,"Media trend (Covers, SI, 2023-25)",1999–2013,135,69,0.5111111111111111,0.42765373089299835,0.5939536259798697,0.5238095238095238,-0.024242424242424246,0.6489742969145076,0.8634152303019917,
NFL: primetime unders,Monday night -> under,"Media trend (Covers, SI, 2023-25)",2014–2021,137,73,0.5328467153284672,0.4495470105731744,0.6143545639616222,0.5238095238095238,0.017252820172528174,0.45032290019114446,0.4944424524331343,
NFL: primetime unders,Monday night -> under,"Media trend (Covers, SI, 2023-25)",2022–2025,77,42,0.5454545454545454,0.43472886644893927,0.6518602163994951,0.5238095238095238,0.04132231404958675,0.39579647753073727,0.49438227369550003,
NFL: Week 1 unders,Week 1 -> under (early-season rust),"Davis, Fodor, McElfresh & Krieger (2015), J. Prediction Markets",1999–2025,424,232,0.5471698113207547,0.49957682111119867,0.5939157237932706,0.5238095238095238,0.04459691252144082,0.1802658578562,0.058096030860007516,
NFL: Week 1 unders,Week 1 -> under (early-season rust),"Davis, Fodor, McElfresh & Krieger (2015), J. Prediction Markets",1999–2013,233,127,0.5450643776824035,0.48090925772382587,0.6077575980987999,0.5238095238095238,0.040577448302770186,0.2798774078842197,0.1900004175149028,
NFL: Week 1 unders,Week 1 -> under (early-season rust),"Davis, Fodor, McElfresh & Krieger (2015), J. Prediction Markets",2014–2025,191,105,0.5497382198952879,0.47889112981669685,0.6186239798929338,0.5238095238095238,0.049500237981913366,0.25971735878308577,0.19263362197418885,
NFL: Week 1 unders,Week 1 -> under (early-season rust),"Davis, Fodor, McElfresh & Krieger (2015), J. Prediction Markets",2020–2025,96,58,0.6041666666666666,0.5041492795838095,0.6961680230235204,0.5238095238095238,0.1534090909090909,0.0697406357779935,0.05191052214883844,
"NFL: holdover bias, Week 1",Bet non-playoff team vs last year's playoff team,"Fodor et al. (2013), Applied Financial Econ.",1999–2003,28,14,0.5,0.3263284683244634,0.6736715316755366,0.5238095238095238,-0.04545454545454548,0.6710450929022338,1.0,2004-12 = paper's sample; others out of sample
"NFL: holdover bias, Week 1",Bet non-playoff team vs last year's playoff team,"Fodor et al. (2013), Applied Financial Econ.",2004–2012,59,37,0.6271186440677966,0.49953356682142136,0.7391618196741485,0.5238095238095238,0.19722650231124803,0.07169980260146323,0.06744461190078899,2004-12 = paper's sample; others out of sample
"NFL: holdover bias, Week 1",Bet non-playoff team vs last year's playoff team,"Fodor et al. (2013), Applied Financial Econ.",2013–2025,90,48,0.5333333333333333,0.4310200470971506,0.6329174816747374,0.5238095238095238,0.018181818181818146,0.47065112277196297,0.5984117182335185,2004-12 = paper's sample; others out of sample
NFL: fade teams off a bye,Bet against the rested team,"Lopez & Bliss (2024), Frontiers Behav. Econ.",1999–2010,319,151,0.47335423197492166,0.4192058463361163,0.5281367513960225,0.5238095238095238,-0.09632373895696777,0.9685167351502384,0.37036985393006455,their sample 2002-23; 2024-25 out of sample
NFL: fade teams off a bye,Bet against the rested team,"Lopez & Bliss (2024), Frontiers Behav. Econ.",2011–2023,319,162,0.5078369905956113,0.45320832202425304,0.5622791492310003,0.5238095238095238,-0.030493017953832975,0.7348993637338433,0.8228342046426269,their sample 2002-23; 2024-25 out of sample
NFL: fade teams off a bye,Bet against the rested team,"Lopez & Bliss (2024), Frontiers Behav. Econ.",2024–2025,48,26,0.5416666666666666,0.4029083309494732,0.6742497814544648,0.5238095238095238,0.034090909090909095,0.4598778057524595,0.6654658120766188,their sample 2002-23; 2024-25 out of sample
NFL: fade teams off a bye,Bet against the rested team,"Lopez & Bliss (2024), Frontiers Behav. Econ.",2011–2025,367,188,0.5122615803814714,0.4612597770263754,0.5630093448844351,0.5238095238095238,-0.02204607381719099,0.6899669350690101,0.6762996058722579,their sample 2002-23; 2024-25 out of sample
NFL: fade teams off a bye,"Bet against the rested team, bye team at home",Lopez & Bliss (2024),2011–2025,171,95,0.5555555555555556,0.48066911292221637,0.6280006773336496,0.5238095238095238,0.06060606060606058,0.22543559910308758,0.16848371748885838,
NFL: fade teams off a bye,"Bet against the rested team, bye team on road",Lopez & Bliss (2024),2011–2025,196,93,0.4744897959183674,0.4057448120499269,0.5442155565620136,0.5238095238095238,-0.09415584415584415,0.9269511396672142,0.5204221958817005,
NFL: West Coast team at night,"Bet Pacific team vs Eastern team, kickoff 8pm ET or later","Smith, Guilleminault & Efron (1997); Smith et al. (2013)",1999–2011,30,21,0.7,0.5212387898833981,0.8333543735604105,0.5238095238095238,0.3363636363636363,0.03868622039938846,0.042773945257067694,published sample 1970-2011; 2012-25 out of sample
NFL: West Coast team at night,"Bet Pacific team vs Eastern team, kickoff 8pm ET or later","Smith, Guilleminault & Efron (1997); Smith et al. (2013)",2012–2025,75,42,0.56,0.44746569425928456,0.6666872402321515,0.5238095238095238,0.06909090909090906,0.3049729374491725,0.3556992390814873,published sample 1970-2011; 2012-25 out of sample
NFL: West Coast team at night,"Bet Pacific team vs Eastern team, kickoff 1pm ET (control)","Smith, Guilleminault & Efron (1997); Smith et al. (2013)",1999–2011,111,47,0.42342342342342343,0.3355791047931656,0.5163909130400934,0.5238095238095238,-0.19164619164619165,0.9865611722955394,0.1284754320857598,published sample 1970-2011; 2012-25 out of sample
NFL: West Coast team at night,"Bet Pacific team vs Eastern team, kickoff 1pm ET (control)","Smith, Guilleminault & Efron (1997); Smith et al. (2013)",2012–2025,163,92,0.5644171779141104,0.48768095522839316,0.6381869338352455,0.5238095238095238,0.07752370329057448,0.16865121793601093,0.11695440246353744,published sample 1970-2011; 2012-25 out of sample
NFL: overreaction to last game,Fade team that covered by 14+ last week,"Vergin (2001), Applied Financial Econ.",1999–2025,1565,793,0.5067092651757189,0.48195296017180617,0.5314327124161723,0.5238095238095238,-0.032645948300900396,0.9161331338645766,0.6131795590105252,
NFL: overreaction to last game,Fade team that covered by 14+ last week,"Vergin (2001), Applied Financial Econ.",1999–2013,896,452,0.5044642857142857,0.4717769817558433,0.5371134718528806,0.5238095238095238,-0.036931818181818156,0.8835096776260691,0.815114635988233,
NFL: overreaction to last game,Fade team that covered by 14+ last week,"Vergin (2001), Applied Financial Econ.",2014–2025,669,341,0.5097159940209267,0.4718869431195195,0.5474340976722506,0.5238095238095238,-0.026905829596412557,0.7789957565670194,0.6427184426839503,
NFL: overreaction to last game,Fade team that covered by 14+ last week,"Vergin (2001), Applied Financial Econ.",2020–2025,336,173,0.5148809523809523,0.46157567281734435,0.5678498006973753,0.5238095238095238,-0.017045454545454523,0.6491308162755193,0.623499082014449,
NFL: overreaction to last game,Back team that missed by 14+ last week (control),Vergin (2001): no overreaction to bad games,1999–2025,1537,797,0.5185426154847105,0.4935476249376215,0.5434451457663886,0.5238095238095238,-0.010055006801916393,0.6697733004221709,0.15315240517172235,
NFL: overreaction to last game,Back team that missed by 14+ last week (control),Vergin (2001): no overreaction to bad games,1999–2013,878,461,0.5250569476082004,0.491987796155476,0.5579077859989606,0.5238095238095238,0.002381445433837204,0.48417303878231416,0.14668743943969506,
NFL: overreaction to last game,Back team that missed by 14+ last week (control),Vergin (2001): no overreaction to bad games,2014–2025,659,336,0.5098634294385432,0.47174903502277266,0.5478634938227314,0.5238095238095238,-0.026624361980962914,0.7751924557506356,0.6402084960376632,
NFL: overreaction to last game,Back team that missed by 14+ last week (control),Vergin (2001): no overreaction to bad games,2020–2025,334,179,0.5359281437125748,0.482338393577753,0.5887008153296167,0.5238095238095238,0.02313554708764287,0.3490625081797752,0.20814359558938464,
NFL: turnover luck,Fade team with previous game TO margin >= +3,Turnovers mostly luck (Burke; Harvard HSAC 2014),1999–2025,1121,581,0.5182872435325602,0.48902425965873364,0.5474253168860882,0.5238095238095238,-0.010542535074203274,0.6555991263978466,0.23219126728775,
NFL: turnover luck,Fade team with previous game TO margin >= +3,Turnovers mostly luck (Burke; Harvard HSAC 2014),1999–2013,686,365,0.532069970845481,0.49465553452128946,0.5691272237235017,0.5238095238095238,0.015769944341372907,0.3466342381658215,0.10057220393373907,
NFL: turnover luck,Fade team with previous game TO margin >= +3,Turnovers mostly luck (Burke; Harvard HSAC 2014),2014–2025,435,216,0.496551724137931,0.44980172433719,0.5433620960481153,0.5238095238095238,-0.05203761755485891,0.8822062545904169,0.9236203277128211,
NFL: turnover luck,Fade team with previous game TO margin >= +3,Turnovers mostly luck (Burke; Harvard HSAC 2014),2020–2025,209,95,0.45454545454545453,0.38846551452339606,0.5222662221295892,0.5238095238095238,-0.13223140495867772,0.980927951447021,0.2130005576350859,
NFL: turnover luck,"Fade team with season TO margin >= +1.0/game, week 5+",Turnovers mostly luck (Burke; Harvard HSAC 2014),1999–2025,939,466,0.49627263045793396,0.4643728293425537,0.5282028058436748,0.5238095238095238,-0.052570432762126064,0.957420086642801,0.8447777758039239,
NFL: turnover luck,"Fade team with season TO margin >= +1.0/game, week 5+",Turnovers mostly luck (Burke; Harvard HSAC 2014),1999–2013,601,304,0.5058236272878536,0.4659414422181162,0.5456318358103792,0.5238095238095238,-0.03433671154137043,0.8221982337288123,0.806678567991168,
NFL: turnover luck,"Fade team with season TO margin >= +1.0/game, week 5+",Turnovers mostly luck (Burke; Harvard HSAC 2014),2014–2025,338,162,0.47928994082840237,0.42656304859509064,0.5324823104249935,0.5238095238095238,-0.08499193114577727,0.9547194744334285,0.47955475499064554,
NFL: turnover luck,"Fade team with season TO margin >= +1.0/game, week 5+",Turnovers mostly luck (Burke; Harvard HSAC 2014),2020–2025,156,76,0.48717948717948717,0.4099983039412419,0.5649769215319764,0.5238095238095238,-0.06993006993006991,0.8404277479096393,0.8102758772916923,
NFL: bet timing,Favorite at the opening number,Levitt (2004); Moskowitz (2021),2007–2021,3814,1922,0.5039328788673308,0.4880689025981056,0.5197889404302692,0.5238095238095238,-0.03794632216236831,0.9933012961123852,0.6386623316417483,
NFL: bet timing,Favorite at the closing number (same games),Levitt (2004); Moskowitz (2021),2007–2021,3815,1858,0.4870249017038008,0.4711848569607125,0.5028910512937697,0.5238095238095238,-0.07022518765638033,0.9999974702157668,0.11258194880595841,
NFL: bet timing,Under at the opening total,Levitt (2004); Moskowitz (2021),2007–2021,3937,1997,0.507239014478029,0.4916225613909986,0.5228413541340509,0.5238095238095238,-0.03163460872376289,0.9820057857097703,0.3721302541612164,
NFL: bet timing,Under at the closing total (same games),Levitt (2004); Moskowitz (2021),2007–2021,3963,1994,0.5031541761291951,0.48759164389332194,0.5187105991808659,0.5238095238095238,-0.039432936480627616,0.995581639702961,0.7030297712737713,
CFB: big underdogs,Underdog getting 21+,Sinkey & Logan (2009): CFB favorites overpriced,2006–2015,1178,556,0.47198641765704585,0.44361544091932004,0.5005395118256164,0.5238095238095238,-0.09893502083654886,0.999833434556733,0.05820170906490731,
CFB: big underdogs,Underdog getting 21+,Sinkey & Logan (2009): CFB favorites overpriced,2016–2025,2196,1127,0.5132058287795993,0.4922956211860108,0.5340699134961229,0.5238095238095238,-0.020243417784401408,0.8452550077327801,0.22384306562759843,
CFB: big underdogs,Underdog getting 21+,Sinkey & Logan (2009): CFB favorites overpriced,2021–2025,1317,652,0.49506454062262717,0.46811518753812476,0.5220426027676923,0.5238095238095238,-0.05487678608407536,0.9827952429668099,0.7409115626118001,
CFB: big underdogs,Underdog getting 28+,Sinkey & Logan (2009): CFB favorites overpriced,2006–2015,609,300,0.49261083743842365,0.45307451025699835,0.5322398026094912,0.5238095238095238,-0.05956112852664573,0.9431196455646558,0.7458346514008157,
CFB: big underdogs,Underdog getting 28+,Sinkey & Logan (2009): CFB favorites overpriced,2016–2025,1144,589,0.5148601398601399,0.4858973598286983,0.5437234519627546,0.5238095238095238,-0.017085187539732958,0.7375891502350742,0.3292320118002244,
CFB: big underdogs,Underdog getting 28+,Sinkey & Logan (2009): CFB favorites overpriced,2021–2025,674,326,0.4836795252225519,0.4461508930009209,0.5213931467865457,0.5238095238095238,-0.07661181548421903,0.983138724343635,0.41859856048184335,
CFB: big underdogs,Underdog getting 35+,Sinkey & Logan (2009): CFB favorites overpriced,2006–2015,257,122,0.47470817120622566,0.41447830383714873,0.5356830201234464,0.5238095238095238,-0.0937389458790237,0.9492653378337775,0.4542000187373206,
CFB: big underdogs,Underdog getting 35+,Sinkey & Logan (2009): CFB favorites overpriced,2016–2025,573,291,0.5078534031413613,0.4670025667382472,0.5485996367089385,0.5238095238095238,-0.030461684911946663,0.7901029930913341,0.7382576972073159,
CFB: big underdogs,Underdog getting 35+,Sinkey & Logan (2009): CFB favorites overpriced,2021–2025,342,153,0.4473684210526316,0.3955453645148732,0.5003607381633471,0.5238095238095238,-0.14593301435406697,0.9980335358670354,0.058254609145668455,
CFB: early-season underdogs,"All underdogs, weeks 0-4",Sinkey & Logan (2009); thin early-season information,2006–2015,1678,831,0.49523241954707986,0.4713479355048431,0.5191386834490463,0.5238095238095238,-0.054556289955574794,0.9910356022871742,0.7142421107637105,
CFB: early-season underdogs,"All underdogs, weeks 0-4",Sinkey & Logan (2009); thin early-season information,2016–2025,3271,1658,0.5068786303882604,0.48974716639330595,0.5239939562307623,0.5238095238095238,-0.03232261471332092,0.974750090955194,0.4417024620155361,
CFB: early-season underdogs,"All underdogs, weeks 0-4",Sinkey & Logan (2009); thin early-season information,2021–2025,2143,1083,0.5053663089127391,0.4842071576190428,0.5265062550519246,0.5238095238095238,-0.03520977389386164,0.9582368454525603,0.6346272100006402,
CFB: early-season underdogs,"All underdogs, weeks 5+ (control)",Sinkey & Logan (2009); thin early-season information,2006–2015,4395,2178,0.4955631399317406,0.4807915949186935,0.5103424345494282,0.5238095238095238,-0.05392491467576792,0.9999158268465597,0.5665160365885058,
CFB: early-season underdogs,"All underdogs, weeks 5+ (control)",Sinkey & Logan (2009); thin early-season information,2016–2025,7055,3620,0.513111268603827,0.5014438237745465,0.5247644424656251,0.5238095238095238,-0.02042394175633012,0.9649107983670328,0.028471355127081197,
CFB: early-season underdogs,"All underdogs, weeks 5+ (control)",Sinkey & Logan (2009); thin early-season information,2021–2025,4533,2327,0.5133465696007059,0.4987909081310552,0.5278796284819048,0.5238095238095238,-0.019974730762288662,0.9229421856403734,0.0746836283136412,
CFB: service academy unders,any service academy game -> under,Action Network / Covers trend; option offenses shorten games,2006–2025,588,295,0.5017006802721088,0.46140673131201987,0.5419725512527744,0.5238095238095238,-0.0422077922077922,0.8674903133257943,0.9671097821910413,
CFB: service academy unders,any service academy game -> under,Action Network / Covers trend; option offenses shorten games,2006–2015,275,141,0.5127272727272727,0.4538829556275159,0.5712209026203208,0.5238095238095238,-0.02115702479338841,0.666046435265244,0.7175629623261878,
CFB: service academy unders,any service academy game -> under,Action Network / Covers trend; option offenses shorten games,2016–2025,313,154,0.49201277955271566,0.43706052114801297,0.5471587227896518,0.5238095238095238,-0.06070287539936102,0.8815393030035251,0.821173441384558,
CFB: service academy unders,academy vs academy -> under,Action Network / Covers trend; option offenses shorten games,2006–2025,59,46,0.7796610169491526,0.6586705755334912,0.8664592747567625,0.5238095238095238,0.4884437596302003,4.475134642926528e-05,1.9167786796225883e-05,
CFB: service academy unders,academy vs academy -> under,Action Network / Covers trend; option offenses shorten games,2006–2015,30,24,0.8,0.6269395261897256,0.9049502189759876,0.5238095238095238,0.5272727272727272,0.00167630521994624,0.0014309063553810122,
CFB: service academy unders,academy vs academy -> under,Action Network / Covers trend; option offenses shorten games,2016–2025,29,22,0.7586206896551724,0.578920477816713,0.8778173181493787,0.5238095238095238,0.4482758620689655,0.008342256171590616,0.008130058646202087,
CFB: high totals under,Total >= season mean + 7 -> under,"Paul & Weinbach (2002), NFL analogue",2006–2015,1093,556,0.5086916742909423,0.4790750642508664,0.5382474005425913,0.5238095238095238,-0.028861349080928234,0.8487298353773919,0.5861481638324341,
CFB: high totals under,Total >= season mean + 7 -> under,"Paul & Weinbach (2002), NFL analogue",2016–2025,1804,983,0.54490022172949,0.5218490628366605,0.5677605578292209,0.5238095238095238,0.04026405966539004,0.038277742456072954,0.0001488713995279198,
CFB: high totals under,Total >= season mean + 7 -> under,"Paul & Weinbach (2002), NFL analogue",2021–2025,1053,573,0.5441595441595442,0.5139709919716607,0.5740270580672476,0.5238095238095238,0.03885003885003882,0.09822024668481479,0.004557989416115628,
CFB: high totals under,Total >= season mean + 10 -> under,"Paul & Weinbach (2002), NFL analogue",2006–2015,651,316,0.48540706605222733,0.4472124938177772,0.5237728559217629,0.5238095238095238,-0.07331378299120238,0.9772508373861178,0.48054264347761877,
CFB: high totals under,Total >= season mean + 10 -> under,"Paul & Weinbach (2002), NFL analogue",2016–2025,995,563,0.5658291457286432,0.5348365564163802,0.5963153699751518,0.5238095238095238,0.08021927820922796,0.004314029298083084,3.6779999866655185e-05,
CFB: high totals under,Total >= season mean + 10 -> under,"Paul & Weinbach (2002), NFL analogue",2021–2025,545,313,0.5743119266055046,0.532421684653302,0.615161880440889,0.5238095238095238,0.09641367806505424,0.010107439890285046,0.0005980512839210873,
CFB: overreaction to last game,Fade team that covered by 17+ last game,Sinkey & Logan (2009); Vergin (2001),2006–2015,1260,606,0.48095238095238096,0.45346384684938046,0.5085567101571306,0.5238095238095238,-0.08181818181818185,0.9989373953197641,0.185456252865903,
CFB: overreaction to last game,Fade team that covered by 17+ last game,Sinkey & Logan (2009); Vergin (2001),2016–2025,2178,1105,0.507346189164371,0.48635508128827015,0.528311427957864,0.5238095238095238,-0.03143000250438269,0.9405552194004977,0.5065382476665425,
CFB: overreaction to last game,Fade team that covered by 17+ last game,Sinkey & Logan (2009); Vergin (2001),2021–2025,1400,702,0.5014285714285714,0.4752690280066655,0.5275802963045674,0.5238095238095238,-0.042727272727272766,0.9557049119508286,0.9360991661283616,
CFB follow-up: high totals under,"Total >= season mean + 10 -> under, sub-era",follow-up (2023 = running-clock rule),2016–2019,390,217,0.5564102564102564,0.50679060420943,0.6049294375535529,0.5238095238095238,0.062237762237762256,0.10767892813422728,0.029321508121429925,
CFB follow-up: high totals under,"Total >= season mean + 10 -> under, sub-era",follow-up (2023 = running-clock rule),2020–2022,314,180,0.5732484076433121,0.5179795758060314,0.6267466022650582,0.5238095238095238,0.0943833236826867,0.044549927813921204,0.010984380774027098,
CFB follow-up: high totals under,"Total >= season mean + 10 -> under, sub-era",follow-up (2023 = running-clock rule),2023–2025,291,166,0.570446735395189,0.5130175915029853,0.6260401262681841,0.5238095238095238,0.08903467666354263,0.062253200197239705,0.018880553452405555,
CFB follow-up: high totals under,"Total >= season mean + 10 -> under, outdoor and wind < 15",follow-up (separate from weather rule),2016–2025,902,513,0.5687361419068736,0.5361913027653344,0.6006979723573802,0.5238095238095238,0.08576899818584964,0.0037577040768165997,4.105508751240998e-05,
CFB follow-up: high totals under,Total >= season mean + 10 -> under at the OPENING total,follow-up (bet early),2016–2025,780,433,0.5551282051282052,0.5200668473575843,0.5896491973126655,0.5238095238095238,0.059790209790209776,0.04299191531616382,0.0023176415752804943,mean open->close move +0.93
CFB follow-up: high totals under,Total >= PRIOR-season mean + 10 -> under (no lookahead),follow-up (tradeable threshold),2016–2025,895,502,0.5608938547486033,0.5281881658110567,0.5930790296547518,0.5238095238095238,0.0707973590655155,0.014235904409713077,0.00030138382435038365,
NFL follow-up: high totals under,Total >= PRIOR-season mean + 5 -> under (no lookahead),follow-up (tradeable threshold),2001–2025,893,465,0.5207166853303471,0.4879317896117962,0.5533241021755605,0.5238095238095238,-0.005904509823882701,0.5866929080731264,0.22830188445697808,
CFB follow-up: low totals over,Total <= season mean - 10 -> over (mirror),follow-up (shrinkage check),2016–2025,893,462,0.5173572228443449,0.48457837574479157,0.5499873714283995,0.5238095238095238,-0.012318029115341545,0.6627482637031357,0.31542087751765563,
NFL follow-up: fade home team off a bye,Bet against the rested home team,"Lopez & Bliss (2024), out of sample",2024–2025,24,13,0.5416666666666666,0.35074553553106635,0.7210894164831857,0.5238095238095238,0.034090909090909095,0.5129180600335833,0.8388197422027588,
