section,rule,scenario,bets,median_pnl_pct,p10_pnl_pct,p90_pnl_pct,p_losing_season,median_max_drawdown_pct,p90_max_drawdown_pct,note,p_promote,p_keep_on_paper,p_drop,p_keep,p_stake_gate_after_20
season at 0.5% stakes,NFL Rule B (Weeks 5-18),historical rate (57.2%),17,0.7272727272727273,-1.7727272727272725,3.3636363636363638,0.32815,1.5454545454545454,3.0454545454545454,57.2% of 682 observed-wind games; 17 signals in the 2025 rehearsal,,,,,
season at 0.5% stakes,NFL Rule B (Weeks 5-18),half the edge (53.6%),17,0.13636363636363646,-2.318181818181818,2.6363636363636362,0.4454,1.6818181818181817,3.2727272727272725,57.2% of 682 observed-wind games; 17 signals in the 2025 rehearsal,,,,,
season at 0.5% stakes,NFL Rule B (Weeks 5-18),no edge (50.0%),17,-0.36363636363636376,-2.8636363636363633,2.0454545454545454,0.56255,2.0454545454545454,3.727272727272727,57.2% of 682 observed-wind games; 17 signals in the 2025 rehearsal,,,,,
season at 0.5% stakes,CFB Rule B (Oct 1 on),historical rate (56.6%),25,0.9545454545454548,-2.0,4.090909090909089,0.33965,2.0,3.6818181818181817,56.6% of 990 observed-wind games; the rehearsal's 32 used a perfect forecast,,,,,
season at 0.5% stakes,CFB Rule B (Oct 1 on),half the edge (53.3%),25,0.27272727272727293,-2.9090909090909087,3.2272727272727275,0.46615,2.1818181818181817,4.181818181818182,56.6% of 990 observed-wind games; the rehearsal's 32 used a perfect forecast,,,,,
season at 0.5% stakes,CFB Rule B (Oct 1 on),no edge (50.0%),25,-0.5454545454545454,-3.6363636363636354,2.409090909090909,0.5983,2.590909090909091,4.7272727272727275,56.6% of 990 observed-wind games; the rehearsal's 32 used a perfect forecast,,,,,
season at 0.5% stakes,CFB Rule HT (full season),historical rate (57.7%),65,3.2727272727272734,-1.5454545454545447,8.227272727272723,0.1898,2.9999999999999996,5.181818181818182,"373-273 in 2016-25, about 65 a season",,,,,
season at 0.5% stakes,CFB Rule HT (full season),half the edge (53.8%),65,0.9090909090909103,-4.0,5.772727272727271,0.40025,3.6363636363636362,6.545454545454543,"373-273 in 2016-25, about 65 a season",,,,,
season at 0.5% stakes,CFB Rule HT (full season),no edge (50.0%),65,-1.4090909090909094,-6.409090909090908,3.545454545454544,0.64175,4.636363636363636,8.181818181818183,"373-273 in 2016-25, about 65 a season",,,,,
Rule HT decision after 2027,CFB Rule HT,true win rate 57.7%,99,,,,,,,promote: one-sided binomial p < 0.05 vs 52.4% and ROI > 0; drop: at or below 52.4%,0.2495,0.60295,0.14755,,
Rule HT decision after 2027,CFB Rule HT,true win rate 55.0%,99,,,,,,,promote: one-sided binomial p < 0.05 vs 52.4% and ROI > 0; drop: at or below 52.4%,0.1139,0.58335,0.30275,,
Rule HT decision after 2027,CFB Rule HT,true win rate 52.4%,99,,,,,,,promote: one-sided binomial p < 0.05 vs 52.4% and ROI > 0; drop: at or below 52.4%,0.04075,0.4593,0.49995,,
Rule HT decision after 2027,CFB Rule HT,true win rate 50.0%,99,,,,,,,promote: one-sided binomial p < 0.05 vs 52.4% and ROI > 0; drop: at or below 52.4%,0.01475,0.30095,0.6843,,
Rule B CLV tests,NFL Rule B,"full open-to-close move (mean +0.99 pts, sd 2.28)",17,,,,,,,"keep: mean CLV > 0 with the 95% CI above zero, after Week 18 (about 17 signals); stake gate: mean CLV > 0 after 20 signals; CLV proxy from 371 windy games",,,,0.4332,0.97445
Rule B CLV tests,NFL Rule B,"half of it (mean +0.49 pts, sd 2.28)",17,,,,,,,"keep: mean CLV > 0 with the 95% CI above zero, after Week 18 (about 17 signals); stake gate: mean CLV > 0 after 20 signals; CLV proxy from 371 windy games",,,,0.1294,0.8366
Rule B CLV tests,NFL Rule B,"no edge (mean -0.00 pts, sd 2.28)",17,,,,,,,"keep: mean CLV > 0 with the 95% CI above zero, after Week 18 (about 17 signals); stake gate: mean CLV > 0 after 20 signals; CLV proxy from 371 windy games",,,,0.01995,0.48655
Rule B CLV tests,CFB Rule B,"full open-to-close move (mean +1.50 pts, sd 2.67)",40,,,,,,,"keep: mean CLV > 0 with the 95% CI above zero, after 40 signals; stake gate: mean CLV > 0 after 20 signals; CLV proxy from 426 windy games",,,,0.94265,0.9946
Rule B CLV tests,CFB Rule B,"half of it (mean +0.75 pts, sd 2.67)",40,,,,,,,"keep: mean CLV > 0 with the 95% CI above zero, after 40 signals; stake gate: mean CLV > 0 after 20 signals; CLV proxy from 426 windy games",,,,0.43335,0.89515
Rule B CLV tests,CFB Rule B,"no edge (mean -0.00 pts, sd 2.67)",40,,,,,,,"keep: mean CLV > 0 with the 95% CI above zero, after 40 signals; stake gate: mean CLV > 0 after 20 signals; CLV proxy from 426 windy games",,,,0.02675,0.5059
