comparison,candidate,control,games,seasons,mean_season_mse_improvement,positive_seasons,raw_p,project_adjusted_p,diagnostic_bootstrap_low,diagnostic_bootstrap_high,worst_leave_one_season_out,status,promotion_allowed
NFL_REVISION,NFL_REV_DELTA,NFL_REV_BASE,3230,17,-0.04973816163586077,9,0.5324121975314747,1,-0.2639108719880561,0.19166995884491306,-0.08847697156725304,retrospective_discovery,False
NFL_REV_CURVE,NFL_REV_CURVE,NFL_REV_BASE,3230,17,-0.2184668146630984,7,0.4772184217879385,1,-1.0359815913449044,0.46455612608902513,-0.3850395410199695,retrospective_discovery,False
NFL_REV_REV_CURVE,NFL_REV_REV_CURVE,NFL_REV_BASE,3230,17,-0.43264889900048553,7,0.15717187671103328,1,-1.2660739416246303,0.26364701831227155,-0.5767280178729485,retrospective_discovery,False
NFL_REV_ASYMMETRY,NFL_REV_ASYMMETRY,NFL_REV_BASE,3230,17,-0.2525722195047589,5,0.04677401963980016,1,-0.6337222381182411,0.06418565237650707,-0.296171243447492,retrospective_discovery,False
NFL_REV_PERSISTENCE,NFL_REV_PERSISTENCE,NFL_REV_BASE,3230,17,-0.1254446325054238,7,0.33252740644133233,1,-0.44378815802680904,0.1595274253759164,-0.18441195764615317,retrospective_discovery,False
NFL_REV_CROSSINGS,NFL_REV_CROSSINGS,NFL_REV_BASE,3230,17,-0.2102852685030498,6,0.431891419944588,1,-0.9150597016953916,0.47849634531610125,-0.3460342157976294,retrospective_discovery,False
NFL_REV_REV_INTERACTION,NFL_REV_REV_INTERACTION,NFL_REV_BASE,3230,17,-1.3021780175172297,7,0.2951117817184708,1,-5.583893349735992,0.06880404787598653,-1.4120438808726927,retrospective_discovery,False
NFL_REV_PREVIOUS,NFL_REV_PREVIOUS,NFL_REV_BASE,3230,17,-0.1909947434067197,6,0.15496229523759072,1,-0.5375257393649897,0.14495888326574388,-0.2492137835416519,retrospective_discovery,False
NFL_REV_COMBINED,NFL_REV_COMBINED,NFL_REV_BASE,3230,17,-0.6576975824777391,4,0.09661600924559882,1,-1.6364775257180435,0.24664484530695527,-0.8667136426587924,retrospective_discovery,False
CFB_REVISION,CFB_REV_DELTA,CFB_REV_BASE,10490,15,-0.0326480918254488,8,0.26138838911822737,1,-0.11894412426338892,0.04507333838206829,-0.043944960338512376,retrospective_discovery,False
CFB_REV_CURVE,CFB_REV_CURVE,CFB_REV_BASE,10490,15,-0.00911359849440531,8,0.5547336111171717,1,-0.05542169637390084,0.0337946817782508,-0.015388361055608372,retrospective_discovery,False
CFB_REV_REV_CURVE,CFB_REV_REV_CURVE,CFB_REV_BASE,10490,15,-0.04052186816434686,6,0.1440965227793335,1,-0.12920893618268894,0.04433609828407331,-0.055853535951635225,retrospective_discovery,False
CFB_REV_ASYMMETRY,CFB_REV_ASYMMETRY,CFB_REV_BASE,10490,15,-0.061280614303620216,7,0.22123975226067177,1,-0.2407809806906629,0.10822798711356665,-0.0809544873272341,retrospective_discovery,False
CFB_REV_PERSISTENCE,CFB_REV_PERSISTENCE,CFB_REV_BASE,10490,15,0.06492257817729417,8,0.4542279244484782,1,-0.19140864888078543,0.3148766393087086,0.036439577394186004,retrospective_discovery,False
CFB_REV_CROSSINGS,CFB_REV_CROSSINGS,CFB_REV_BASE,10490,15,-0.11950343756363187,6,0.2591916663000872,1,-0.4009733070926408,0.10831687493619048,-0.16278273919070776,retrospective_discovery,False
CFB_REV_REV_INTERACTION,CFB_REV_REV_INTERACTION,CFB_REV_BASE,10490,15,-8.300735408131253,7,0.3338777325690113,1,-37.41094086440771,0.24602976799758058,-8.967111673249077,retrospective_discovery,False
CFB_REV_PREVIOUS,CFB_REV_PREVIOUS,CFB_REV_BASE,10490,15,0.038240036732722915,8,0.6745291827206801,1,-0.2229885584248536,0.29752352286237865,0.00676671980037903,retrospective_discovery,False
CFB_REV_COMBINED,CFB_REV_COMBINED,CFB_REV_BASE,10490,15,0.012191785674665596,8,0.9005791050105437,1,-0.302060561594873,0.3327554065270123,-0.029202762995008957,retrospective_discovery,False
NFL_OFFENSIVE_STYLE,NFL_STYLE_INTERACTION,NFL_STYLE_ADD,2342,15,-0.060689717970413205,6,0.0833072165767673,1,-0.16326341613518958,0.028878988809043552,-0.07200866989805675,retrospective_discovery,False
NFL_STYLE_REVISION,NFL_STYLE_REVISION,NFL_STYLE_ADD,2342,15,-0.1323773343945205,6,0.17935935360887093,1,-0.38589236253574494,0.1121622907989662,-0.19026216070884328,retrospective_discovery,False
NFL_STYLE_CURVE,NFL_STYLE_CURVE,NFL_STYLE_ADD,2342,15,-0.41114145985965506,6,0.2041075614525177,1,-1.3361006482068616,0.3046507738162659,-0.5098549687135372,retrospective_discovery,False
NFL_STYLE_PERSISTENCE,NFL_STYLE_PERSISTENCE,NFL_STYLE_ADD,2342,15,-0.13931691011776132,8,0.56272420985556,1,-0.7199451009915572,0.4005830512067868,-0.2686507519817112,retrospective_discovery,False
NFL_STYLE_REV_STYLE,NFL_STYLE_REV_STYLE,NFL_STYLE_ADD,2342,15,-0.19341533285345694,5,0.19359566274092965,1,-0.5780303046954809,0.18294935175756397,-0.2841076983227835,retrospective_discovery,False
