game_id,kick_utc,home_team,away_team,capture_utc,book,close_total,close_under,close_over,book_update
2026_03_PHI_CHI,2026-09-29T00:15:00Z,CHI,PHI,2026-09-29T0002Z,draftkings,42.5,-112,-108,2026-09-29T00:02:07Z
2026_03_PHI_CHI,2026-09-29T00:15:00Z,CHI,PHI,2026-09-29T0002Z,fanduel,42.5,-106,-114,2026-09-29T00:02:50Z
2026_03_PHI_CHI,2026-09-29T00:15:00Z,CHI,PHI,2026-09-29T0002Z,betrivers,42.0,-109,-112,2026-09-29T00:02:36Z
2026_03_PHI_CHI,2026-09-29T00:15:00Z,CHI,PHI,2026-09-29T0002Z,lowvig,42.5,-112,-103,2026-09-29T00:01:54Z
2026_03_PHI_CHI,2026-09-29T00:15:00Z,CHI,PHI,2026-09-29T0002Z,betonlineag,42.5,-114,-106,2026-09-29T00:02:36Z
2026_03_PHI_CHI,2026-09-29T00:15:00Z,CHI,PHI,2026-09-29T0002Z,betmgm,42.5,-108,-110,2026-09-29T00:01:54Z
2026_03_PHI_CHI,2026-09-29T00:15:00Z,CHI,PHI,2026-09-29T0002Z,espnbet,42.5,-105,-115,2026-09-29T00:02:21Z
2026_03_PHI_CHI,2026-09-29T00:15:00Z,CHI,PHI,2026-09-29T0002Z,bovada,42.5,-110,-110,2026-09-29T00:02:40Z
2026_03_PHI_CHI,2026-09-29T00:15:00Z,CHI,PHI,2026-09-29T0002Z,hardrockbet,42.0,-110,-110,2026-09-29T00:01:54Z
2026_03_PHI_CHI,2026-09-29T00:15:00Z,CHI,PHI,2026-09-29T0002Z,pinnacle,42.5,-106,-106,2026-09-29T00:02:51Z
