run_utc,job,rules_version,status,games,signals,priced,unmapped,error,rule_priced
2026-09-29T14:30:07Z,nfl-alerts,v3-2026-09-28,ok,16,0,16,,,16
2026-09-29T18:30:08Z,nfl-alerts,v3-2026-09-28,ok,16,0,16,,,16
2026-09-29T22:31:07Z,nfl-alerts,v3-2026-09-28,ok,16,0,16,,,16
2026-09-30T02:30:09Z,nfl-alerts,v3-2026-09-28,ok,16,0,16,,,16
2026-09-30T14:30:10Z,nfl-alerts,v3-2026-09-28,ok,17,0,17,,,16
2026-09-30T18:30:10Z,nfl-alerts,v3-2026-09-28,ok,17,0,17,,,16
2026-09-30T22:30:14Z,nfl-alerts,v3-2026-09-28,ok,17,0,17,,,16
2026-10-01T02:30:11Z,nfl-alerts,v3-2026-09-28,ok,17,0,17,,,16
2026-10-01T14:30:08Z,nfl-alerts,v3-2026-09-28,ok,17,0,17,,,16
2026-10-01T18:30:08Z,nfl-alerts,v3-2026-09-28,ok,17,0,17,,,16
2026-10-01T22:30:11Z,nfl-alerts,v3-2026-09-28,ok,17,0,17,,,16
2026-10-02T02:30:11Z,nfl-alerts,v3-2026-09-28,ok,17,0,17,,,16
