bucket,games,mean_open,mean_close,mean_move,move_se,share_moved_down,resid_vs_open,resid_vs_close,under_open_pct,under_open_roi,under_close_pct,under_close_roi
Wind 0–4,614,44.969055374592834,44.75325732899023,-0.21579804560260588,0.06629395193438549,0.49185667752442996,0.9348534201954397,1.1506514657980456,0.49666666666666665,-0.05181818181818187,0.49584026622296173,-0.053395855392527655
Wind 5–9,1249,44.574459567654124,44.28302642113691,-0.29143314651721375,0.048103828540603015,0.49399519615692555,0.6104883907125701,0.9019215372297839,0.49022801302931596,-0.06411015694403319,0.48295454545454547,-0.07799586776859507
Wind 10–14,682,44.27639296187683,43.895161290322584,-0.3812316715542522,0.07389219810066083,0.5263929618768328,-0.751466275659824,-0.37023460410557185,0.5419161676646707,0.034567229178007586,0.533532041728763,0.018561170573093054
Wind 15–19,276,44.23550724637681,43.44202898550725,-0.7934782608695652,0.11965740846318719,0.6086956521739131,-2.5072463768115942,-1.713768115942029,0.5897435897435898,0.1258741258741258,0.5714285714285714,0.09090909090909088
Wind 20+,95,43.93684210526316,42.1578947368421,-1.7789473684210526,0.287643609341781,0.6631578947368421,-2.305263157894737,-0.5263157894736842,0.6195652173913043,0.18280632411067188,0.5319148936170213,0.015473887814313332
Wind 15+,371,44.15902964959569,43.113207547169814,-1.045822102425876,0.1174701462536916,0.6226415094339622,-2.4555256064690028,-1.4097035040431267,0.5972602739726027,0.14022415940224162,0.5613079019073569,0.07158781273222692
Rain,231,44.25974025974026,43.16233766233766,-1.0974025974025974,0.1301925228606347,0.6753246753246753,-2.883116883116883,-1.7857142857142858,0.5903083700440529,0.12695234281137363,0.5638766519823789,0.0764917901481778
Snow,45,44.25555555555555,42.5,-1.7555555555555555,0.33695840278531686,0.7333333333333333,0.6111111111111112,2.3666666666666667,0.6136363636363636,0.17148760330578508,0.4772727272727273,-0.0888429752066116
Air temp ≤32°F,204,43.9828431372549,43.259803921568626,-0.7230392156862745,0.1408534750427573,0.5980392156862745,0.3799019607843137,1.1029411764705883,0.5074626865671642,-0.031207598371777515,0.46798029556650245,-0.1065830721003135
Dome / closed roof,1102,46.3929219600726,46.32622504537205,-0.06669691470054447,0.05402562907922206,0.4646098003629764,1.148820326678766,1.2155172413793103,,,,
