era,bucket,games,mean_line,mean_total,mean_resid,resid_se,under_bets,under_wins,under_win_pct,under_win_lo,under_win_hi,under_roi_110,under_p_vs_breakeven,under_roi_actual_odds,under_bets_with_odds
All,Wind 0–4,1073,43.45340167753961,44.85927306616962,1.4058713886300094,0.4293800333582197,1055,528,0.500473933649289,0.4703553060794721,0.5305891222467288,-0.04454976303317536,0.9391825625379442,-0.023781652043990076,775
All,Wind 5–9,2319,42.96873652436395,43.89564467442863,0.9269081500646831,0.2732539011182967,2279,1107,0.48573935936814394,0.46526062368605275,0.5062660910890765,-0.07267940484263433,0.9998726510315453,-0.06224072612291807,1616
All,Wind 10–14,1249,42.47758206565252,42.469175340272216,-0.008406725380304243,0.37536093717876706,1233,666,0.5401459854014599,0.5122453396598047,0.5677972462299327,0.031187790311877843,0.13131272928391505,0.06667093562427164,865
All,Wind 15–19,507,42.112426035502956,40.451676528599606,-1.660749506903353,0.6027791015936654,500,288,0.576,0.5322644098109273,0.6185766481723753,0.09963636363636362,0.010821023094190035,0.1192347779343778,348
All,Wind 20+,185,40.872972972972974,39.77297297297297,-1.1,1.0009381615715562,182,102,0.5604395604395604,0.4878186886066103,0.6305616955484983,0.0699300699300699,0.1801003555525458,0.026919739445710727,108
All,Wind 15+,692,41.78106936416185,40.27023121387283,-1.5108381502890174,0.516087139533575,682,390,0.5718475073313783,0.5344103406017374,0.6084797961295428,0.09170887763263132,0.0066015132782592245,0.09737068987127244,456
All,Air temp ≤32°F,386,42.15155440414508,43.37564766839378,1.2240932642487046,0.7079692192463781,379,178,0.46965699208443273,0.4199668341585521,0.5199561000262386,-0.10338210602062846,0.9846539815315699,-0.11422613208857482,276
All,Rain,408,42.08700980392157,39.82843137254902,-2.258578431372549,0.6588537921689651,401,250,0.6234413965087282,0.5750570742446306,0.6694830125448694,0.19020630242575376,3.611799083550513e-05,0.19225221187976643,298
All,Snow,91,41.785714285714285,43.637362637362635,1.8516483516483517,1.6787927828965807,89,40,0.449438202247191,0.3503221712111898,0.552738525717773,-0.14198161389172628,0.9345536369652843,-0.15064942588801775,64
All,Wind 15+ & (rain or snow),97,41.08762886597938,36.24742268041237,-4.84020618556701,1.2987807028094278,95,65,0.6842105263157895,0.585132797889047,0.7689691187128695,0.30622009569377984,0.0010906998965801767,0.309774039450532,70
1999–2013,Wind 0–4,556,41.80485611510792,43.305755395683455,1.5008992805755397,0.5980197991549661,547,273,0.4990859232175503,0.4573369613937692,0.5408476346861202,-0.04719960113013129,0.8850027836462396,-0.022383598800189353,267
1999–2013,Wind 5–9,1291,41.34275755228505,42.673121611154144,1.3303640588690937,0.3709282977796911,1259,615,0.48848292295472595,0.4609479596600896,0.5160879568000586,-0.06744169254097766,0.9944014419008609,-0.060911588647592045,597
1999–2013,Wind 10–14,730,41.04178082191781,42.12602739726027,1.0842465753424657,0.5132882345108581,717,361,0.5034867503486751,0.4669679341312512,0.539968402506368,-0.038798022061620384,0.8700991225574712,-0.055183019055919096,349
1999–2013,Wind 15–19,302,40.70860927152318,39.4635761589404,-1.2450331125827814,0.8163081642675415,298,173,0.5805369127516778,0.5238315577968027,0.6351922480669352,0.10829774252593047,0.028285937462182175,0.1409654413292023,146
1999–2013,Wind 20+,133,39.932330827067666,38.443609022556394,-1.4887218045112782,1.2041365885259852,131,75,0.5725190839694656,0.486925365253153,0.6539807052770098,0.09299097848716162,0.1517576844294308,0.031369487416052624,57
1999–2013,Wind 15+,435,40.47126436781609,39.15172413793103,-1.3195402298850574,0.675065286545545,429,248,0.578088578088578,0.5308639610003886,0.623927075720666,0.10362364907819449,0.013644776696199198,0.11019219318610116,203
1999–2013,Air temp ≤32°F,229,40.73362445414847,43.39301310043668,2.6593886462882095,0.9396781096273927,224,97,0.4330357142857143,0.36981514679741917,0.49851442953982567,-0.17329545454545459,0.9973398446676763,-0.27381925196264845,121
1999–2013,Rain,217,40.58294930875576,38.93087557603687,-1.652073732718894,0.9701002543416436,213,133,0.6244131455399061,0.5577134744131448,0.686704570832786,0.19206145966709345,0.001940716235312988,0.1575879538010777,110
1999–2013,Snow,51,40.09803921568628,43.745098039215684,3.6470588235294117,2.4772412754500803,49,18,0.3673469387755102,0.24664982524781226,0.5073318861311014,-0.2987012987012987,0.9904545070865406,-0.5136008261738167,24
1999–2013,Wind 15+ & (rain or snow),61,40.204918032786885,36.21311475409836,-3.9918032786885247,1.9207129469266417,60,39,0.65,0.5236238380947751,0.7583239827618451,0.24090909090909088,0.03296141476236305,0.1774939199509326,35
2014–2025,Wind 0–4,517,45.22630560928433,46.52998065764023,1.3036750483558994,0.6174407860120751,508,255,0.5019685039370079,0.45863707116092445,0.5452703877091636,-0.04169649248389407,0.8485061344782218,-0.024516455618979804,508
2014–2025,Wind 5–9,1028,45.01070038910506,45.43093385214008,0.42023346303501946,0.40334791568930217,1020,492,0.4823529411764706,0.4518107967302083,0.5130275141960131,-0.07914438502673798,0.996326211449936,-0.06301942589992456,1019
2014–2025,Wind 10–14,519,44.49710982658959,42.95183044315992,-1.5452793834296725,0.536273889354881,516,305,0.5910852713178295,0.5481436329116502,0.6326806797251223,0.12843551797040165,0.0012409499856550117,0.14908766078587354,516
2014–2025,Wind 15–19,205,44.18048780487805,41.90731707317073,-2.273170731707317,0.8816938726697633,202,115,0.5693069306930693,0.500354388629186,0.6356725369291073,0.08685868586858686,0.11026467494641434,0.10352845686683139,202
2014–2025,Wind 20+,52,43.27884615384615,43.17307692307692,-0.10576923076923077,1.798395492060573,51,27,0.5294117647058824,0.3952307134472659,0.6594722857358359,0.010695187165775357,0.5248045639521259,0.02194649171415217,51
2014–2025,Wind 15+,257,43.99805447470817,42.16342412451362,-1.8346303501945525,0.7921273108056855,253,142,0.5612648221343873,0.49965276487253013,0.6210441938755853,0.07150556952928495,0.12917094964797732,0.08708308049218064,253
2014–2025,Air temp ≤32°F,157,44.21974522292994,43.35031847133758,-0.8694267515923567,1.0542908532982462,155,81,0.5225806451612903,0.4443541486885083,0.5997149113058509,-0.00234604105571845,0.5446879741309587,0.010359464716347177,155
2014–2025,Rain,191,43.795811518324605,40.84816753926702,-2.9476439790575917,0.8752667811983018,188,117,0.6223404255319149,0.5512429279692336,0.6885382248151469,0.1881044487427466,0.00407121035042273,0.21253449054282902,188
2014–2025,Snow,40,43.9375,43.5,-0.4375,2.127294198970692,40,22,0.55,0.39828829888440775,0.6929492471905531,0.05,0.4322930143829036,0.06712141428346169,40
2014–2025,Wind 15+ & (rain or snow),36,42.583333333333336,36.30555555555556,-6.277777777777778,1.2870608273085773,35,26,0.7428571428571429,0.5793037572935127,0.8583713127344985,0.4181818181818182,0.0067515412577345895,0.4420541589501313,35
All,Dome / closed roof,1943,45.63329902213073,46.92022645393721,1.2869274318064847,0.3019673918498168,1921,934,0.4862051015096304,0.46390392750059617,0.5085613392517434,-0.071790260754342,0.9995511043919885,-0.057421127143362435,1504
1999–2013,Dome / closed roof,969,44.72703818369453,46.12074303405573,1.393704850361197,0.4212277352812585,954,453,0.4748427672955975,0.44331862937905336,0.506568700634594,-0.09348198970840481,0.9988882982501079,-0.0975713548789809,537
2014–2025,Dome / closed roof,974,46.534907597535934,47.715605749486656,1.1806981519507187,0.43291469574539493,967,481,0.49741468459152016,0.4659730712472881,0.5288767580142515,-0.05039014759800698,0.9530307210052842,-0.03512467182378942,967
