outcome,term,coef,se,p,lo,hi,n,r2,pct,pct_lo,pct_hi
pass_yds,wind_10_14,-0.017496780126656463,0.00765952637392195,0.022352954909048206,-0.03250917595817816,-0.002484384295134763,14546,,-1.7344600314093386,-3.1986432661456377,-0.24813007665570444
pass_yds,wind_15_19,-0.07353594629939918,0.011543165597539604,1.8839063642417386e-10,-0.09616013513815858,-0.05091175746063978,14546,,-7.089725261428177,-9.168144929465024,-4.96374707646874
pass_yds,wind_20p,-0.1225033877825861,0.021788573864265505,1.8835711657061438e-08,-0.1652082078310372,-0.07979856773413499,14546,,-11.529709224269812,-15.228281564412946,-7.669768946709364
pass_yds,temp_le32,-0.035371588388512266,0.014848390521039007,0.017210326999517855,-0.06447389903813465,-0.00626927773888988,14546,,-3.475332484685709,-6.243941482422872,-0.6249666820705541
pass_yds,temp_33_45,-0.024724781334945652,0.009548655921668982,0.009615820837810318,-0.04343980304218198,-0.006009759627709329,14546,,-2.4421627538698183,-4.250980964721446,-0.5991737143990169
pass_yds,temp_80p,-0.007421001413408036,0.011232893857403543,0.5088373619950537,-0.029437068816080186,0.014595065989264112,14546,,-0.7393533770223458,-2.90080186065259,1.4702094024714218
pass_yds,rain,-0.07259426447621208,0.012220608293783386,2.844746882502136e-09,-0.096546216601199,-0.04864231235122515,14546,,-7.002192136811796,-9.203206656184435,-4.747822595349941
pass_yds,snow,-0.07653362886367454,0.02808563511556561,0.006429959282765685,-0.13158046217311659,-0.021486795554232496,14546,,-7.367823738324643,-12.32912695898953,-2.1257598865221383
pass_yds,indoor,0.019113483190422997,0.008572900383436362,0.02577909099605269,0.0023109071958381036,0.03591605918500789,14546,,1.9297315165494002,0.23135793998807158,3.656883240637062
pass_yds,roof_open,0.02529145439670116,0.02056322052964299,0.21872090453401327,-0.015011717247553766,0.06559462604095609,14546,,2.5613996676578483,-1.4899603129777177,6.779377363044552
pass_yds,home_site,0.02353953645641525,0.004479672390815559,1.482296385635351e-07,0.014759539907878313,0.03231953300495219,14546,,2.381877811295613,1.4868999779790029,3.2847481442580104
pass_yds,neutral,-0.00021700654130283277,0.02564075197975987,0.9932473079560051,-0.05047195695815628,0.05003794387555061,14546,,-0.021698299708646243,-4.921940892162251,5.131098643246177
pass_yds,playoff,0.07066874413366174,0.03795470340904782,0.06261391150825579,-0.0037211075919716258,0.1450585958592951,14546,,7.322565468506946,-0.3714192850607257,15.610731138467571
rush_att,wind_10_14,0.002452491093665522,0.003925736705707846,0.5321540318481661,-0.005241811462308775,0.01014679364963982,14546,,0.24555009099607142,-0.5228097141696878,1.0198446917516342
rush_att,wind_15_19,0.017569303572180568,0.005657938425430335,0.001901193650070132,0.006479948031591848,0.02865865911276929,14546,,1.7724551653685825,0.6500988316938194,2.9073269734876015
rush_att,wind_20p,0.06703116473804858,0.009648936437210544,3.731237541160226e-12,0.04811959683199969,0.08594273264409748,14546,,6.932880300735119,4.929614031472844,8.974391976526388
rush_att,temp_le32,0.02453574943652927,0.007508432426204399,0.0010840253815134204,0.009819492300815948,0.03925200657224259,14546,,2.4839227877252488,0.986786170670435,4.003254566494966
rush_att,temp_33_45,0.018390340956206612,0.004756677894520442,0.00011053735442478896,0.00906742359688873,0.027713258315524493,14546,,1.856048467640704,0.9108657215565972,2.8100842784280724
rush_att,temp_80p,-0.005402017025473407,0.0058370464610373535,0.3547209795937627,-0.016842417865193603,0.006038383814246789,14546,,-0.5387452369476807,-1.670137727702745,0.6056651604591002
rush_att,rain,0.031125814231485752,0.006328181965968635,8.716408841369372e-07,0.01872280549057135,0.043528822972400155,14546,,3.1615287606631197,1.8899176212009434,4.4490099187469205
rush_att,snow,0.03711688609688065,0.015175223025688803,0.014449613835381125,0.007373995509167643,0.06685977668459366,14546,,3.781431981406696,0.7401250365260706,6.914554852956317
rush_att,indoor,-0.006845711311608275,0.004611163116924479,0.13765104856460408,-0.015883424947619712,0.0021920023244031642,14546,,-0.6822332807842791,-1.5757948563552115,0.21944065178431965
rush_att,roof_open,0.003283052770457226,0.011564629721301307,0.7764966656832653,-0.01938320497783482,0.025949310518749276,14546,,0.3288447890743239,-1.9196558540996211,2.628892510170762
rush_att,home_site,0.03822504903649644,0.005629798476308819,1.1231016117108084e-11,0.027190846782712684,0.0492592512902802,14546,,3.8965024647955286,2.7563891314148745,5.049265701738773
rush_att,neutral,0.006403305115991662,0.01424521219342798,0.6530668446403385,-0.02151679773525801,0.034323407967241336,14546,,0.6423850102725696,-2.128696283142386,3.4919253743557714
rush_att,playoff,-0.018369714298067986,0.0171956800549575,0.2853965034278776,-0.052072627895458426,0.015333199299322458,14546,,-1.8202019501500182,-5.074007841110249,1.5451355933667255
pass_att,wind_10_14,2.6460406661330628e-05,0.005037346454184284,0.9958088543144656,-0.009846557221190414,0.009899478034513074,14546,,0.002646075674097871,-0.9798238597378933,0.9948639959070934
pass_att,wind_15_19,-0.015673372419018627,0.007607105758972961,0.039364188146751466,-0.030583025733192867,-0.0007637191048443862,14546,,-1.5551184316976199,-3.012009626582172,-0.076342754563667
pass_att,wind_20p,-0.05249728708713508,0.013365738180769079,8.574403364036698e-05,-0.07869365254823438,-0.026300921626035777,14546,,-5.114310478161245,-7.567695491430055,-2.5958064780259553
pass_att,temp_le32,-0.020555343227999418,0.009705839171474651,0.034189241952202076,-0.039578438443827815,-0.001532248012171021,14546,,-2.0345522266910243,-3.8805443571618867,-0.15310747195205737
pass_att,temp_33_45,-0.01083555172668053,0.006289002916239005,0.08490003606706886,-0.023161770941176354,0.0014906674878152927,14546,,-1.0777058595150122,-2.2895596111788636,0.14917790848668158
pass_att,temp_80p,-0.014790081335625963,0.007162938429337219,0.03894131910969345,-0.028829182680604817,-0.0007509799906471066,14546,,-1.4681245307902773,-2.8417586603846505,-0.07506980757491624
pass_att,rain,-0.021253080339984496,0.00806305502415524,0.008392446837967249,-0.03705637779269351,-0.005449782887275486,14546,,-2.1028825142338095,-3.637819305285686,-0.5434959760348775
pass_att,snow,-0.009203261839487283,0.017747954261211268,0.6040722198957513,-0.04398861299072556,0.025582089311750995,14546,,-0.9161041446296277,-4.30351456213229,2.5912119233690034
pass_att,indoor,-0.007357629937923455,0.00559637849219085,0.18860647309435796,-0.018326330226472093,0.0036110703506251843,14546,,-0.7330628840714895,-1.8159424183649056,0.361759812021046
pass_att,roof_open,0.012742328092099188,0.014466005322546615,0.3784009849439718,-0.01561052134025691,0.04109517752445529,14546,,1.282385747807236,-1.5489308702470634,4.195127116882831
pass_att,home_site,-0.007129830110271673,0.004254109813979242,0.09374086031790418,-0.01546773213194938,0.001208071911406033,14546,,-0.7104473170916292,-1.5348721163337122,0.1208801924217324
pass_att,neutral,0.003863238519052034,0.017021311087194856,0.8204511110525239,-0.0294979181815022,0.03722439521960627,14546,,0.3870710443823655,-2.9067101054840583,3.7925900318995884
pass_att,playoff,0.03057848220798658,0.02351909126836954,0.19354758654740367,-0.015518089627128192,0.07667505404310135,14546,,3.1050806017309958,-1.5398304486907484,7.969117810117426
pts,wind_10_14,-0.03441634110456046,0.010981321142127728,0.0017239373426587434,-0.055939335045799066,-0.012893347163321855,14546,,-3.38308350492842,-5.440350128129067,-1.2810584042517008
pts,wind_15_19,-0.08311503032993992,0.01663639321623749,5.853877513839478e-07,-0.11572176186641188,-0.05050829879346795,14546,,-7.9754714987201565,-10.927697806647428,-4.925396140542687
pts,wind_20p,-0.09532145092103102,0.028104100105998727,0.000694534619545939,-0.15040447494669684,-0.040238426895365186,14546,,-9.091933732107941,-13.964008799141483,-3.943961158374052
pts,temp_le32,-0.01613585724303699,0.01974130465644207,0.4137197042832552,-0.054828103377496315,0.022556388891422335,14546,,-1.6006371687513548,-5.335214046194777,2.281270781308034
pts,temp_33_45,0.0006621250441238652,0.013488413447612296,0.9608488235320019,-0.025774679521781984,0.02709892961002971,14546,,0.06623442972992293,-2.544534800789375,2.7469444887198797
pts,temp_80p,0.0017427169766751082,0.015766133642612375,0.9119847219990784,-0.029158337138290445,0.03264377109164066,14546,,0.1744236390413346,-2.873733466008892,3.3182424231474177
pts,rain,-0.07565822533541867,0.017837623783657545,2.2203399299813853e-05,-0.11061932552116256,-0.04069712514967479,14546,,-7.286697700566094,-10.472050587674426,-3.988011791959868
pts,snow,-0.01318528618931364,0.04168985042650622,0.7517969027488491,-0.09489589154612765,0.06852531916750038,14546,,-1.3098741094889834,-9.053238719324552,7.092773960653758
pts,indoor,0.027286289639360757,0.01182697203850512,0.021047914946886292,0.0041058503977284486,0.050466728880993066,14546,,2.766196962768693,0.41142909493999186,5.176186947853745
pts,roof_open,0.05009440593942193,0.02932927316756641,0.08763629585521926,-0.00738991316174524,0.1075787250405891,14546,,5.1370347296329015,-0.7362674890927371,11.357852381033782
pts,home_site,0.1043478626734836,0.006805627191756524,0.0,0.09100907848543434,0.11768664686153286,14546,,10.998651063962324,9.527894868731188,12.489156783170005
pts,neutral,0.02220287826983637,0.03305723481294885,0.5018067991935444,-0.04258811139202706,0.0869938679316998,14546,,2.245119655977408,-4.16939758768964,9.08899902858393
pts,playoff,0.020114317037119057,0.04978477517659429,0.6861939919847848,-0.07746204928742947,0.1176906833616676,14546,,2.031797308765852,-7.453785432192064,12.489610846582929
