outcome,term,coef,se,p,lo,hi,n,r2,label,baseline
epa_db,wind_10_14,-0.02057780733579658,0.007119703866712346,0.0038606019516509438,-0.03453449346439292,-0.006621121207200242,14546,0.2812540762032688,EPA per dropback,0.05243344545109573
epa_db,wind_15_19,-0.06440635204482352,0.010215272344383306,3.0522606664362684e-10,-0.0844312509026637,-0.04438145318698335,14546,0.2812540762032688,EPA per dropback,0.05243344545109573
epa_db,wind_20p,-0.06616175657093497,0.017532123219447398,0.00016209402612443746,-0.100529806917205,-0.03179370622466494,14546,0.2812540762032688,EPA per dropback,0.05243344545109573
epa_db,temp_le32,-0.032027697039705566,0.014318191229324196,0.025326101056311945,-0.06009550781638834,-0.003959886263022794,14546,0.2812540762032688,EPA per dropback,0.05243344545109573
epa_db,temp_33_45,-0.016109107914412453,0.008641811977359975,0.06234945178240148,-0.0330495677436851,0.000831351914860199,14546,0.2812540762032688,EPA per dropback,0.05243344545109573
epa_db,temp_80p,-0.009651373189343336,0.010467469505803757,0.3565409109263664,-0.03017065168577001,0.010867905307083337,14546,0.2812540762032688,EPA per dropback,0.05243344545109573
epa_db,rain,-0.05965723753740549,0.010662335687242315,2.284624378567912e-08,-0.08055851031088795,-0.038755964763923026,14546,0.2812540762032688,EPA per dropback,0.05243344545109573
epa_db,snow,-0.06481397338353644,0.023820147806211656,0.006524499322849042,-0.11150837706827618,-0.01811956969879669,14546,0.2812540762032688,EPA per dropback,0.05243344545109573
epa_db,indoor,-0.023352869037011312,0.008219892217616482,0.004509467204944384,-0.03946624367167012,-0.007239494402352505,14546,0.2812540762032688,EPA per dropback,0.05243344545109573
epa_db,roof_open,0.0010487783372413791,0.019694496199405723,0.9575323028773863,-0.03755815069544961,0.039655707369932375,14546,0.2812540762032688,EPA per dropback,0.05243344545109573
epa_db,home_site,0.000944312624536691,0.00492273182484759,0.847883116950356,-0.008705670613653231,0.010594295862726612,14546,0.2812540762032688,EPA per dropback,0.05243344545109573
epa_db,neutral,0.026551622127563942,0.02502640259631657,0.28875039588316476,-0.02250739107068695,0.07561063532581483,14546,0.2812540762032688,EPA per dropback,0.05243344545109573
epa_db,playoff,0.01666165096337801,0.031922942359388626,0.6017325745071738,-0.04591658194520438,0.0792398838719604,14546,0.2812540762032688,EPA per dropback,0.05243344545109573
succ_db,wind_10_14,-0.5819989688768512,0.22433529216777157,0.009496662784571175,-1.0217612566022156,-0.14223668115148674,14546,0.31416450108663185,Dropback success rate (pts),44.98702711844546
succ_db,wind_15_19,-1.6876694816084088,0.3235284506738937,1.8742156804307797e-07,-2.3218791515973463,-1.0534598116194716,14546,0.31416450108663185,Dropback success rate (pts),44.98702711844546
succ_db,wind_20p,-2.816483115196509,0.544647382949061,2.387956821170434e-07,-3.8841500739476427,-1.7488161564453752,14546,0.31416450108663185,Dropback success rate (pts),44.98702711844546
succ_db,temp_le32,-1.0433442085113287,0.4263103931741825,0.014413329253995188,-1.879036319065083,-0.20765209795757444,14546,0.31416450108663185,Dropback success rate (pts),44.98702711844546
succ_db,temp_33_45,-0.32026420767662483,0.27790508146964465,0.2491851760790158,-0.8650388314847997,0.22451041613154993,14546,0.31416450108663185,Dropback success rate (pts),44.98702711844546
succ_db,temp_80p,-0.40430808476657704,0.3389023991749246,0.23291115774357118,-1.0686551562265636,0.2600389866934096,14546,0.31416450108663185,Dropback success rate (pts),44.98702711844546
succ_db,rain,-2.7988843756483774,0.3384971333720683,2.220446049250313e-16,-3.4624370085031906,-2.1353317427935643,14546,0.31416450108663185,Dropback success rate (pts),44.98702711844546
succ_db,snow,-2.3506532532093654,0.7983176205516536,0.003244918302583555,-3.9155875074359057,-0.785718998982825,14546,0.31416450108663185,Dropback success rate (pts),44.98702711844546
succ_db,indoor,0.3393143270428762,0.2636683004131068,0.19817064772118287,-0.17755207355721764,0.85618072764297,14546,0.31416450108663185,Dropback success rate (pts),44.98702711844546
succ_db,roof_open,0.616696486785373,0.6514014404900974,0.34381159101311987,-0.6602394109479608,1.8936323845187069,14546,0.31416450108663185,Dropback success rate (pts),44.98702711844546
succ_db,home_site,0.8124468867628174,0.1462061301445013,2.843928048612554e-08,0.525840434204591,1.0990533393210438,14546,0.31416450108663185,Dropback success rate (pts),44.98702711844546
succ_db,neutral,1.8212060626654951,0.7676431604647482,0.017695731782287227,0.31640265371170684,3.326009471619283,14546,0.31416450108663185,Dropback success rate (pts),44.98702711844546
succ_db,playoff,0.7205687833039651,1.0450490661241656,0.49052618783621527,-1.328030719980262,2.769168286588192,14546,0.31416450108663185,Dropback success rate (pts),44.98702711844546
ypa,wind_10_14,-0.14733744793939899,0.0436922600162746,0.000749691499202676,-0.23298695959215684,-0.061687936286641126,14546,0.2604569249456815,Yards per pass attempt,7.120267981194154
ypa,wind_15_19,-0.4036447357828775,0.06292233942283655,1.4968182249219808e-10,-0.5269907847537391,-0.280298686812016,14546,0.2604569249456815,Yards per pass attempt,7.120267981194154
ypa,wind_20p,-0.49759757670472293,0.10397675651294006,1.7378806751455755e-06,-0.7014221995384665,-0.29377295387097935,14546,0.2604569249456815,Yards per pass attempt,7.120267981194154
ypa,temp_le32,-0.08406680166264227,0.08175333436715851,0.3038438066507938,-0.24432706656822464,0.0761934632429401,14546,0.2604569249456815,Yards per pass attempt,7.120267981194154
ypa,temp_33_45,-0.10334508309594766,0.05384459285208727,0.05498275234076444,-0.20889611390106166,0.0022059477091663504,14546,0.2604569249456815,Yards per pass attempt,7.120267981194154
ypa,temp_80p,-0.005219621405056061,0.06595461843030087,0.936923772186973,-0.13450981737329176,0.12407057456317964,14546,0.2604569249456815,Yards per pass attempt,7.120267981194154
ypa,rain,-0.3326360109712525,0.06702649456706308,7.107998685196293e-07,-0.4640273952879905,-0.20124462665451454,14546,0.2604569249456815,Yards per pass attempt,7.120267981194154
ypa,snow,-0.5117895808121271,0.13678367055631946,0.00018426119645686967,-0.7799252776347834,-0.2436538839894708,14546,0.2604569249456815,Yards per pass attempt,7.120267981194154
ypa,indoor,0.18824299391220628,0.051848548522834555,0.00028467168613488525,0.08660478935993597,0.2898811984644766,14546,0.2604569249456815,Yards per pass attempt,7.120267981194154
ypa,roof_open,0.0949021427433551,0.11876010814978218,0.42425393771856257,-0.13790214028225986,0.32770642576897,14546,0.2604569249456815,Yards per pass attempt,7.120267981194154
ypa,home_site,0.2484194365568439,0.029312658623025487,0.0,0.19095811742684296,0.3058807556868448,14546,0.2604569249456815,Yards per pass attempt,7.120267981194154
ypa,neutral,-0.04396674611482127,0.15484367493603918,0.7764623024176633,-0.3475052935795248,0.2595718013498823,14546,0.2604569249456815,Yards per pass attempt,7.120267981194154
ypa,playoff,0.25719342833098235,0.21209611655075006,0.2253119419695795,-0.15857652266838607,0.6729633793303508,14546,0.2604569249456815,Yards per pass attempt,7.120267981194154
cmp_pct,wind_10_14,-0.5510321452874193,0.22547621971001067,0.014554694426722747,-0.9930309821587323,-0.10903330841610626,14546,0.3232525957791983,Completion % (pts),61.95922811583739
cmp_pct,wind_15_19,-1.739903122338997,0.32112679682080525,6.215896886097028e-08,-2.36940485367703,-1.110401391000964,14546,0.3232525957791983,Completion % (pts),61.95922811583739
cmp_pct,wind_20p,-2.7859822536115635,0.5498522335030106,4.1456270594153466e-07,-3.8638522301970992,-1.7081122770260277,14546,0.3232525957791983,Completion % (pts),61.95922811583739
cmp_pct,temp_le32,-1.0893816273232444,0.42877295519632863,0.011083824366758588,-1.9299010742183296,-0.24886218042815922,14546,0.3232525957791983,Completion % (pts),61.95922811583739
cmp_pct,temp_33_45,-0.9441337257907867,0.2707268437032343,0.0004906185157813603,-1.474836920037034,-0.41343053154453946,14546,0.3232525957791983,Completion % (pts),61.95922811583739
cmp_pct,temp_80p,-0.41233427218398705,0.33579529482376536,0.219511697520977,-1.070590517254315,0.24592197288634104,14546,0.3232525957791983,Completion % (pts),61.95922811583739
cmp_pct,rain,-2.483203692629976,0.355199555365035,2.971400903106769e-12,-3.179497920599874,-1.786909464660078,14546,0.3232525957791983,Completion % (pts),61.95922811583739
cmp_pct,snow,-3.640542147351824,0.7862564026906573,3.716163631928282e-06,-5.181832913707811,-2.0992513809958373,14546,0.3232525957791983,Completion % (pts),61.95922811583739
cmp_pct,indoor,0.524876326805366,0.2571414568189624,0.04126729125126172,0.02080443411729538,1.0289482194934365,14546,0.3232525957791983,Completion % (pts),61.95922811583739
cmp_pct,roof_open,-0.08612856494485488,0.6784254404225122,0.898980618034606,-1.4160393464734728,1.243782216583763,14546,0.3232525957791983,Completion % (pts),61.95922811583739
cmp_pct,home_site,1.1489769956719467,0.1470730400512149,6.439293542825908e-15,0.8606711480691678,1.4372828432747256,14546,0.3232525957791983,Completion % (pts),61.95922811583739
cmp_pct,neutral,0.625882421284652,0.7562591603101865,0.40792247250781566,-0.8566050430709408,2.108369885640245,14546,0.3232525957791983,Completion % (pts),61.95922811583739
cmp_pct,playoff,0.7676614612450877,1.089297427355725,0.48100034117405754,-1.3676776734865905,2.903000595976766,14546,0.3232525957791983,Completion % (pts),61.95922811583739
cpoe,wind_10_14,-0.4765563758935538,0.24730769696391935,0.05403459514259534,-0.9613787227150705,0.008265970927962829,10851,0.26807830105710795,CPOE (pts),1.3398853379719502
cpoe,wind_15_19,-2.0524086946120375,0.37082381897769673,3.263413139720228e-08,-2.779372215688025,-1.3254451735360497,10851,0.26807830105710795,CPOE (pts),1.3398853379719502
cpoe,wind_20p,-3.2246972861023844,0.6644212087556777,1.247666436388073e-06,-4.5272295310001756,-1.9221650412045934,10851,0.26807830105710795,CPOE (pts),1.3398853379719502
cpoe,temp_le32,-1.082014422884036,0.464560432140841,0.019889535099374633,-1.9927393284004218,-0.1712895173676502,10851,0.26807830105710795,CPOE (pts),1.3398853379719502
cpoe,temp_33_45,-0.9643618750688732,0.2987183952493083,0.0012525578783322278,-1.5499698250092915,-0.37875392512845474,10851,0.26807830105710795,CPOE (pts),1.3398853379719502
cpoe,temp_80p,-0.2085455219308665,0.35957984245465585,0.561958933018673,-0.9134663360776719,0.4963752922159389,10851,0.26807830105710795,CPOE (pts),1.3398853379719502
cpoe,rain,-2.141699804244032,0.37021210534012294,7.65414043257806e-09,-2.867464121069638,-1.4159354874184258,10851,0.26807830105710795,CPOE (pts),1.3398853379719502
cpoe,snow,-3.350533146317767,0.8670493724913855,0.00011271136339763288,-5.0502979200875275,-1.650768372548007,10851,0.26807830105710795,CPOE (pts),1.3398853379719502
cpoe,indoor,-1.5629875277276362,0.27464439226900283,1.329558751983484e-08,-2.10140076935292,-1.0245742861023523,10851,0.26807830105710795,CPOE (pts),1.3398853379719502
cpoe,roof_open,-1.7015264748995709,0.6347653075584537,0.007372129402191119,-2.9459212505958154,-0.4571316992033261,10851,0.26807830105710795,CPOE (pts),1.3398853379719502
cpoe,home_site,0.3530919058807657,0.15717876624229532,0.024716212156953077,0.04495843791507664,0.6612253738464549,10851,0.26807830105710795,CPOE (pts),1.3398853379719502
cpoe,neutral,-0.09229806331957541,0.7203766266802867,0.8980550119354525,-1.504525385922714,1.3199292592835632,10851,0.26807830105710795,CPOE (pts),1.3398853379719502
cpoe,playoff,0.37067330568860973,1.1413241855743683,0.7453640597590754,-1.866780186165508,2.6081267975427274,10851,0.26807830105710795,CPOE (pts),1.3398853379719502
adot,wind_10_14,-0.007075204488218371,0.058717297170310316,0.9040946381013395,-0.12218465038485377,0.10803424140841703,10862,0.29029471420762853,Avg depth of target (yds),8.270185982815583
adot,wind_15_19,-0.09563196669084853,0.08567869996144878,0.2643989022161386,-0.26359657257351277,0.07233263919181568,10862,0.29029471420762853,Avg depth of target (yds),8.270185982815583
adot,wind_20p,-0.40882836661457395,0.13953120791336432,0.003403588250074918,-0.6823654809270636,-0.13529125230208433,10862,0.29029471420762853,Avg depth of target (yds),8.270185982815583
adot,temp_le32,0.09312081568781988,0.10225293299116346,0.3624986835269892,-0.10733593258141266,0.2935775639570524,10862,0.29029471420762853,Avg depth of target (yds),8.270185982815583
adot,temp_33_45,-0.05312397501930705,0.06928546105583212,0.4432691006332896,-0.1889512595705179,0.0827033095319038,10862,0.29029471420762853,Avg depth of target (yds),8.270185982815583
adot,temp_80p,-0.014426803776738455,0.08486595512703682,0.8650202559478664,-0.18079810390363607,0.15194449635015914,10862,0.29029471420762853,Avg depth of target (yds),8.270185982815583
adot,rain,0.011226309245976755,0.09164740699164371,0.9025118832562953,-0.1684393556444323,0.1908919741363858,10862,0.29029471420762853,Avg depth of target (yds),8.270185982815583
adot,snow,0.24566008514633914,0.1585168244748162,0.12126187493024476,-0.0650964501496446,0.5564166204423229,10862,0.29029471420762853,Avg depth of target (yds),8.270185982815583
adot,indoor,0.07433173208521346,0.06644466868511811,0.26331710985844015,-0.05592646036777282,0.20458992453819974,10862,0.29029471420762853,Avg depth of target (yds),8.270185982815583
adot,roof_open,0.1810938682613919,0.15158167380763518,0.23225839560285166,-0.11606699099055662,0.4782547275133404,10862,0.29029471420762853,Avg depth of target (yds),8.270185982815583
adot,home_site,-0.020794312838759953,0.03702149669672065,0.5743557982185985,-0.09337129060159913,0.05178266492407923,10862,0.29029471420762853,Avg depth of target (yds),8.270185982815583
adot,neutral,-0.25662607697664624,0.15918718625367953,0.10699773030136539,-0.5686967901492346,0.05544463619594214,10862,0.29029471420762853,Avg depth of target (yds),8.270185982815583
adot,playoff,0.3216955261936398,0.25762267591355126,0.2118256839401973,-0.1833482156666711,0.8267392680539507,10862,0.29029471420762853,Avg depth of target (yds),8.270185982815583
deep_rate,wind_10_14,-0.05634812689264061,0.18507656325237226,0.7607902967943581,-0.4191723996557661,0.30647614587048483,10862,0.22661384633419812,"Deep-pass share, 20+ air yds (pts)",12.09267096550922
deep_rate,wind_15_19,-0.645897397556763,0.25870328297245065,0.012565869034254717,-1.153059562535582,-0.13873523257794396,10862,0.22661384633419812,"Deep-pass share, 20+ air yds (pts)",12.09267096550922
deep_rate,wind_20p,-1.302945685073091,0.4174521375361293,0.001810699513552061,-2.1213192573574626,-0.48457211278871937,10862,0.22661384633419812,"Deep-pass share, 20+ air yds (pts)",12.09267096550922
deep_rate,temp_le32,0.36382570787441537,0.32907513417913137,0.2689483570197919,-0.28129350195314706,1.0089449177019778,10862,0.22661384633419812,"Deep-pass share, 20+ air yds (pts)",12.09267096550922
deep_rate,temp_33_45,-0.22459723174471027,0.21578653366298872,0.2980005059644515,-0.647625360063632,0.1984308965742115,10862,0.22661384633419812,"Deep-pass share, 20+ air yds (pts)",12.09267096550922
deep_rate,temp_80p,-0.10217151463362023,0.2631209088537111,0.6978045757369604,-0.6179939976426712,0.41365096837543075,10862,0.22661384633419812,"Deep-pass share, 20+ air yds (pts)",12.09267096550922
deep_rate,rain,0.3559980999275825,0.28402977194130574,0.2101203039855286,-0.20081413840621815,0.9128103382613832,10862,0.22661384633419812,"Deep-pass share, 20+ air yds (pts)",12.09267096550922
deep_rate,snow,0.5913031394757331,0.5379848439093765,0.27176993778308645,-0.4633628664130549,1.645969145364521,10862,0.22661384633419812,"Deep-pass share, 20+ air yds (pts)",12.09267096550922
deep_rate,indoor,0.2187151909569814,0.202540231203334,0.28025227602221436,-0.17834487326853593,0.6157752551824986,10862,0.22661384633419812,"Deep-pass share, 20+ air yds (pts)",12.09267096550922
deep_rate,roof_open,0.16666060696050927,0.477238416125311,0.7269386260582813,-0.7689180434231035,1.1022392573441222,10862,0.22661384633419812,"Deep-pass share, 20+ air yds (pts)",12.09267096550922
deep_rate,home_site,-0.13298748966072568,0.11554846322108894,0.24981421623057365,-0.35950880819159037,0.093533828870139,10862,0.22661384633419812,"Deep-pass share, 20+ air yds (pts)",12.09267096550922
deep_rate,neutral,-0.9560371128941985,0.4692154673544881,0.04164608187713781,-1.8758875667842323,-0.03618665900416462,10862,0.22661384633419812,"Deep-pass share, 20+ air yds (pts)",12.09267096550922
deep_rate,playoff,0.08071049636313982,0.7959622903896001,0.9192367599824631,-1.479694743946382,1.6411157366726614,10862,0.22661384633419812,"Deep-pass share, 20+ air yds (pts)",12.09267096550922
sack_rate,wind_10_14,0.07791352101806613,0.11572492967197667,0.5008002413194277,-0.14894093120671198,0.30476797324284427,14546,0.24326855318967955,Sack rate (pts),6.4906495920480864
sack_rate,wind_15_19,0.32237237838188537,0.16854179000054093,0.055823809967531446,-0.008018450594482973,0.6527632073582537,14546,0.24326855318967955,Sack rate (pts),6.4906495920480864
sack_rate,wind_20p,0.08068911059412023,0.2805868280384633,0.7736820421889914,-0.46934251488689593,0.6307207360751363,14546,0.24326855318967955,Sack rate (pts),6.4906495920480864
sack_rate,temp_le32,-0.19820481630683728,0.21873979592638762,0.3649016060648296,-0.6269983072624566,0.23058867464878208,14546,0.24326855318967955,Sack rate (pts),6.4906495920480864
sack_rate,temp_33_45,0.042834045997284874,0.1424076846627704,0.763587310926809,-0.23632635088818169,0.3219944428827514,14546,0.24326855318967955,Sack rate (pts),6.4906495920480864
sack_rate,temp_80p,-0.004990021966986417,0.1636526608053302,0.9756758755757007,-0.3257967386126796,0.3158166946787068,14546,0.24326855318967955,Sack rate (pts),6.4906495920480864
sack_rate,rain,-0.010223891009397594,0.1884851269902368,0.9567435074590738,-0.379709449195415,0.35926166717661984,14546,0.24326855318967955,Sack rate (pts),6.4906495920480864
sack_rate,snow,-0.12566988521194908,0.40264469874429176,0.7549650292687209,-0.9149703655298553,0.6636305951059571,14546,0.24326855318967955,Sack rate (pts),6.4906495920480864
sack_rate,indoor,0.1329234387105098,0.13331914647166454,0.3187822120592121,-0.12842078530095793,0.39426766272197755,14546,0.24326855318967955,Sack rate (pts),6.4906495920480864
sack_rate,roof_open,-0.6749228008044751,0.3186960485179481,0.034228957696947226,-1.2996595599251646,-0.0501860416837856,14546,0.24326855318967955,Sack rate (pts),6.4906495920480864
sack_rate,home_site,-0.3759749972421303,0.07574347343013885,7.07015553880197e-07,-0.5244541903019215,-0.22749580418233908,14546,0.24326855318967955,Sack rate (pts),6.4906495920480864
sack_rate,neutral,-0.46485969037605646,0.4126428676877031,0.25997317342623427,-1.2737594838699344,0.3440401031178214,14546,0.24326855318967955,Sack rate (pts),6.4906495920480864
sack_rate,playoff,0.14578834209106242,0.5834825073349049,0.80270346673543,-0.998006732655506,1.2895834168376308,14546,0.24326855318967955,Sack rate (pts),6.4906495920480864
int_rate,wind_10_14,-0.06520053840269105,0.07273313816097293,0.3700500985455413,-0.207778600561515,0.07737752375613291,14546,0.16989247576354927,INT rate (pts),2.6818428486633947
int_rate,wind_15_19,0.1659278709744839,0.11183397265239559,0.13793232587406568,-0.05329917611114929,0.38515491806011704,14546,0.16989247576354927,INT rate (pts),2.6818428486633947
int_rate,wind_20p,-0.09356219690262575,0.18151213214292983,0.60624746335878,-0.44937866122152387,0.2622542674162724,14546,0.16989247576354927,INT rate (pts),2.6818428486633947
int_rate,temp_le32,0.3663243914727536,0.1411657813799579,0.009478246776440713,0.08959848549375943,0.6430502974517478,14546,0.16989247576354927,INT rate (pts),2.6818428486633947
int_rate,temp_33_45,0.1636159439771363,0.09095258485071572,0.07207361882265606,-0.014677522030760032,0.3419094099850326,14546,0.16989247576354927,INT rate (pts),2.6818428486633947
int_rate,temp_80p,0.050110120316539594,0.10637307195910596,0.6375984519320506,-0.15841197634102588,0.2586322169741051,14546,0.16989247576354927,INT rate (pts),2.6818428486633947
int_rate,rain,0.13112920579346388,0.11599454004880427,0.25831240022143565,-0.09625376102642097,0.3585121726133487,14546,0.16989247576354927,INT rate (pts),2.6818428486633947
int_rate,snow,-0.30222153838450855,0.25020624382763595,0.2271289824527034,-0.7926984006096616,0.18825532384064447,14546,0.16989247576354927,INT rate (pts),2.6818428486633947
int_rate,indoor,-0.04609348760345922,0.08195266326133972,0.5738333459157001,-0.20674449499841033,0.1145575197914919,14546,0.16989247576354927,INT rate (pts),2.6818428486633947
int_rate,roof_open,-0.28816998830151913,0.20929723786580406,0.1686023626298252,-0.698453324681922,0.12211334807888374,14546,0.16989247576354927,INT rate (pts),2.6818428486633947
int_rate,home_site,-0.15457862151773313,0.050236529249249366,0.002098613513797476,-0.2530568003925499,-0.05610044264291637,14546,0.16989247576354927,INT rate (pts),2.6818428486633947
int_rate,neutral,-0.04272176691859689,0.22727010399052952,0.8508991858212487,-0.4882371376686968,0.4027936038315031,14546,0.16989247576354927,INT rate (pts),2.6818428486633947
int_rate,playoff,0.24572138579726965,0.31091708575114485,0.429371572966909,-0.3637663483955834,0.8552091199901227,14546,0.16989247576354927,INT rate (pts),2.6818428486633947
proe,wind_10_14,-0.04011732389520774,0.20548781225450724,0.8452204337226021,-0.44295582885092155,0.3627211810605061,10862,0.3961507961214644,Pass rate over expected (pts),-0.548615486260497
proe,wind_15_19,-0.8836418022610127,0.30779576837653555,0.004109264534581936,-1.4870449228846745,-0.2802386816373511,10862,0.3961507961214644,Pass rate over expected (pts),-0.548615486260497
proe,wind_20p,-3.1460694339100295,0.6522737880029627,1.451070733349269e-06,-4.424787595819655,-1.867351272000404,10862,0.3961507961214644,Pass rate over expected (pts),-0.548615486260497
proe,temp_le32,-1.5299057388679291,0.38715828017309956,7.860619764343824e-05,-2.288891204015563,-0.7709202737202954,10862,0.3961507961214644,Pass rate over expected (pts),-0.548615486260497
proe,temp_33_45,-0.640218937451373,0.2506036065746638,0.010654744233360436,-1.1315024890228513,-0.14893538587989474,10862,0.3961507961214644,Pass rate over expected (pts),-0.548615486260497
proe,temp_80p,-0.4702641062878742,0.29401895519523985,0.10978223544270471,-1.0466591490887325,0.10613093651298411,10862,0.3961507961214644,Pass rate over expected (pts),-0.548615486260497
proe,rain,-1.3538082431129541,0.318842390206197,2.212431374926105e-05,-1.978867171805468,-0.7287493144204402,10862,0.3961507961214644,Pass rate over expected (pts),-0.548615486260497
proe,snow,-2.1596025897287063,0.809710208085592,0.007672896369391946,-3.746959261123826,-0.5722459183335868,10862,0.3961507961214644,Pass rate over expected (pts),-0.548615486260497
proe,indoor,-1.0172594888994169,0.2179953327298509,3.138443409378411e-06,-1.4446177490353063,-0.5899012287635275,10862,0.3961507961214644,Pass rate over expected (pts),-0.548615486260497
proe,roof_open,-1.5421251475447348,0.5301539989412326,0.0036426182188689094,-2.5814395574196434,-0.5028107376698261,10862,0.3961507961214644,Pass rate over expected (pts),-0.548615486260497
proe,home_site,0.09649080028820552,0.1274994178800271,0.4492060950582428,-0.15345918126057778,0.3464407818369888,10862,0.3961507961214644,Pass rate over expected (pts),-0.548615486260497
proe,neutral,0.40415049143909415,0.5779456693099063,0.4844019953228118,-0.7288547550330131,1.5371557379112013,10862,0.3961507961214644,Pass rate over expected (pts),-0.548615486260497
proe,playoff,1.1199089757322955,0.8624321231072645,0.1941544497887795,-0.5708037886238402,2.8106217400884312,10862,0.3961507961214644,Pass rate over expected (pts),-0.548615486260497
pass_att,wind_10_14,0.0031912224053947426,0.16834544815259753,0.9848764128855387,-0.3268147195592445,0.33319716437003405,14546,0.27622239792892966,Pass attempts,33.87765706188002
pass_att,wind_15_19,-0.5299579421872183,0.2507452640459238,0.03458929135005362,-1.0214914404950577,-0.03842444387937877,14546,0.27622239792892966,Pass attempts,33.87765706188002
pass_att,wind_20p,-1.7187268756564573,0.42434710028689526,5.1686979525289445e-05,-2.550570362289983,-0.8868833890229318,14546,0.27622239792892966,Pass attempts,33.87765706188002
pass_att,temp_le32,-0.6811993058140353,0.3208101436414146,0.033756358074938486,-1.3100803050093957,-0.05231830661867498,14546,0.27622239792892966,Pass attempts,33.87765706188002
pass_att,temp_33_45,-0.3570776987324134,0.2097960864725487,0.08879385773453574,-0.768338923176753,0.054183525711926195,14546,0.27622239792892966,Pass attempts,33.87765706188002
pass_att,temp_80p,-0.5195150606849804,0.23964590318404325,0.030202851223418703,-0.989290590027065,-0.04973953134289594,14546,0.27622239792892966,Pass attempts,33.87765706188002
pass_att,rain,-0.6819989296233749,0.2639785057318237,0.009798555883343552,-1.1994734226876784,-0.16452443655907134,14546,0.27622239792892966,Pass attempts,33.87765706188002
pass_att,snow,-0.2936515993432386,0.5832293807413391,0.6146333263641024,-1.4369504724944409,0.8496472738079636,14546,0.27622239792892966,Pass attempts,33.87765706188002
pass_att,indoor,-0.2514196663657698,0.19020984916451736,0.18627583309446916,-0.6242861806275037,0.12144684789596422,14546,0.27622239792892966,Pass attempts,33.87765706188002
pass_att,roof_open,0.43270596527531047,0.4904705341300013,0.3776836459358841,-0.5287586445355453,1.3941705750861662,14546,0.27622239792892966,Pass attempts,33.87765706188002
pass_att,home_site,-0.2427575883083242,0.14317126421395585,0.0900092398738479,-0.5234148227490627,0.03789964613241428,14546,0.27622239792892966,Pass attempts,33.87765706188002
pass_att,neutral,0.1574212976961103,0.593325178363542,0.7907701398520619,-1.005668269178984,1.3205108645712045,14546,0.27622239792892966,Pass attempts,33.87765706188002
pass_att,playoff,1.0215044451891377,0.7663809613771467,0.18260840938422573,-0.48082468718977545,2.523833577568051,14546,0.27622239792892966,Pass attempts,33.87765706188002
rush_att,wind_10_14,0.06612228254032408,0.10661329686860847,0.5351411358888098,-0.14287072466702883,0.27511528974767696,14546,0.27994311329353616,Rush attempts,27.054794520547944
rush_att,wind_15_19,0.47605470997138677,0.15750757781251193,0.002516322000982729,0.1672941396501113,0.7848152802926622,14546,0.27994311329353616,Rush attempts,27.054794520547944
rush_att,wind_20p,1.9159953606060753,0.28200323159188434,1.1749934358817882e-11,1.363187173038123,2.4688035481740274,14546,0.27994311329353616,Rush attempts,27.054794520547944
rush_att,temp_le32,0.6880249810307949,0.2077225217832611,0.000930067419544045,0.2808285452458593,1.0952214168157304,14546,0.27994311329353616,Rush attempts,27.054794520547944
rush_att,temp_33_45,0.5042856132332828,0.13127541121881692,0.00012335859069145805,0.24694770352756906,0.7616235229389965,14546,0.27994311329353616,Rush attempts,27.054794520547944
rush_att,temp_80p,-0.13408765494073024,0.156111772216072,0.39041250026793994,-0.440112041149471,0.17193673126801048,14546,0.27994311329353616,Rush attempts,27.054794520547944
rush_att,rain,0.8656882515172837,0.17637544489962959,9.391081763343578e-07,0.5199411851589795,1.211435317875588,14546,0.27994311329353616,Rush attempts,27.054794520547944
rush_att,snow,1.0457402391124637,0.4395392363364928,0.017377143644006,0.18411575618518705,1.9073647220397403,14546,0.27994311329353616,Rush attempts,27.054794520547944
rush_att,indoor,-0.1937724110673509,0.12308291191643142,0.1154560113568317,-0.4350506442032669,0.047505822068565046,14546,0.27994311329353616,Rush attempts,27.054794520547944
rush_att,roof_open,0.05893313811037862,0.31363316723896517,0.8509566212658728,-0.5558789041625384,0.6737451803832956,14546,0.27994311329353616,Rush attempts,27.054794520547944
rush_att,home_site,1.0402325101322636,0.15272756548318114,1.04638520070921e-11,0.7408421514125132,1.339622868852014,14546,0.27994311329353616,Rush attempts,27.054794520547944
rush_att,neutral,0.19231469747038177,0.3670093108069548,0.6002910630047953,-0.5271300790397422,0.9117594739805057,14546,0.27994311329353616,Rush attempts,27.054794520547944
rush_att,playoff,-0.6236035564626389,0.4710552008084245,0.18559650350597479,-1.5470084775105613,0.2998013645852836,14546,0.27994311329353616,Rush attempts,27.054794520547944
epa_run,wind_10_14,-0.0056979222775174546,0.005311444636643712,0.28341297927669906,-0.01610989545376751,0.004714050898732598,14546,0.218096397078424,EPA per designed run,-0.09402935012648693
epa_run,wind_15_19,-0.0022764058508947856,0.007788151946757413,0.770072563302834,-0.017543444238672913,0.012990632536883344,14546,0.218096397078424,EPA per designed run,-0.09402935012648693
epa_run,wind_20p,-0.008675234983206314,0.011592150563131176,0.4542603168275756,-0.03139921479948506,0.014048744833072438,14546,0.218096397078424,EPA per designed run,-0.09402935012648693
epa_run,temp_le32,0.0021159746935017505,0.009877629678135873,0.8303823856432606,-0.01724704653506367,0.021478995922067173,14546,0.218096397078424,EPA per designed run,-0.09402935012648693
epa_run,temp_33_45,0.004894356433157589,0.006498809019782274,0.451404647881831,-0.00784519557586091,0.017633908442176088,14546,0.218096397078424,EPA per designed run,-0.09402935012648693
epa_run,temp_80p,-0.000852187576674188,0.007677971464808688,0.9116263559767519,-0.01590324023908451,0.014198865085736137,14546,0.218096397078424,EPA per designed run,-0.09402935012648693
epa_run,rain,-0.01368065955066715,0.008132655458382869,0.09257522519630346,-0.029623024816075087,0.0022617057147407884,14546,0.218096397078424,EPA per designed run,-0.09402935012648693
epa_run,snow,-0.004052299048234909,0.018211604363210534,0.8239216441973216,-0.03975232966100735,0.031647731564537526,14546,0.218096397078424,EPA per designed run,-0.09402935012648693
epa_run,indoor,-0.01720409535848737,0.006256546140742013,0.005978353137943593,-0.02946874180588785,-0.004939448911086894,14546,0.218096397078424,EPA per designed run,-0.09402935012648693
epa_run,roof_open,-0.00591511986752985,0.016401535037283088,0.7183758549578658,-0.03806688921467822,0.02623664947961852,14546,0.218096397078424,EPA per designed run,-0.09402935012648693
epa_run,home_site,-0.010834701491501285,0.0035184572105275854,0.002081985745168602,-0.017731898883912738,-0.003937504099089832,14546,0.218096397078424,EPA per designed run,-0.09402935012648693
epa_run,neutral,0.01747571024201237,0.01839329060775568,0.34208625494950007,-0.018580478145924794,0.05353189862994953,14546,0.218096397078424,EPA per designed run,-0.09402935012648693
epa_run,playoff,0.020479586330418503,0.021955750811895814,0.35097156806196184,-0.022560058089624437,0.06351923075046144,14546,0.218096397078424,EPA per designed run,-0.09402935012648693
rush_ypa,wind_10_14,-0.030871668098564602,0.030650230921735466,0.3138603428449813,-0.09095501717487854,0.029211680977749333,14546,0.2276010167105429,Yards per carry,4.12011621020787
rush_ypa,wind_15_19,-0.08367827601716743,0.04359658771490354,0.05497576213648636,-0.1691402421896028,0.0017836901552679418,14546,0.2276010167105429,Yards per carry,4.12011621020787
rush_ypa,wind_20p,-0.009696032940555606,0.0639031389368232,0.8794039841580938,-0.1349647336435759,0.11557266776246469,14546,0.2276010167105429,Yards per carry,4.12011621020787
rush_ypa,temp_le32,0.010778021671441073,0.058027783230946026,0.8526546334804295,-0.10297327648002469,0.12452931982290683,14546,0.2276010167105429,Yards per carry,4.12011621020787
rush_ypa,temp_33_45,0.05572683737701635,0.03750296239583618,0.13734056066919487,-0.017789854447546063,0.12924352920157878,14546,0.2276010167105429,Yards per carry,4.12011621020787
rush_ypa,temp_80p,0.02401448148901144,0.04350960311175028,0.5810097113934858,-0.061276969613280836,0.10930593259130372,14546,0.2276010167105429,Yards per carry,4.12011621020787
rush_ypa,rain,0.02371056989287359,0.04704862258263253,0.6143055586153991,-0.06851838660048248,0.11593952638622967,14546,0.2276010167105429,Yards per carry,4.12011621020787
rush_ypa,snow,0.21949231481625323,0.11650488820131426,0.059608195659009544,-0.008891082515101761,0.44787571214760824,14546,0.2276010167105429,Yards per carry,4.12011621020787
rush_ypa,indoor,0.046953596117586476,0.03578028468243633,0.1894685653387953,-0.023186147368006345,0.1170933396031793,14546,0.2276010167105429,Yards per carry,4.12011621020787
rush_ypa,roof_open,0.1026564099767268,0.09326043459255658,0.27104197515585593,-0.0801611113966504,0.285473931350104,14546,0.2276010167105429,Yards per carry,4.12011621020787
rush_ypa,home_site,0.09953203662944653,0.020232910071464494,8.875537660379962e-07,0.05986966012867475,0.1391944131302183,14546,0.2276010167105429,Yards per carry,4.12011621020787
rush_ypa,neutral,0.1215366723735862,0.10234027149643252,0.23503997113752217,-0.07907996482520241,0.3221533095723748,14546,0.2276010167105429,Yards per carry,4.12011621020787
rush_ypa,playoff,-0.04939629556449709,0.13204648881127934,0.7083537603794057,-0.30824574116275083,0.20945315003375664,14546,0.2276010167105429,Yards per carry,4.12011621020787
pass_yds,wind_10_14,-3.8566957647755373,1.764208857146086,0.028841772675820332,-7.315057200227694,-0.3983343293233803,14546,0.3227456772823757,Passing yards,237.97354747283893
pass_yds,wind_15_19,-16.22004385874663,2.5389838946765586,1.7796386586610424e-10,-21.197189252284602,-11.242898465208661,14546,0.3227456772823757,Passing yards,237.97354747283893
pass_yds,wind_20p,-26.47065848722262,4.481860775432867,3.6591338847813404e-09,-35.25640650228276,-17.68491047216249,14546,0.3227456772823757,Passing yards,237.97354747283893
pass_yds,temp_le32,-8.009704344240676,3.3496700100206405,0.01681903327379719,-14.576029831850885,-1.443378856630467,14546,0.3227456772823757,Passing yards,237.97354747283893
pass_yds,temp_33_45,-5.501115911588639,2.192965122000625,0.012145101702977223,-9.799964076021471,-1.2022677471558065,14546,0.3227456772823757,Passing yards,237.97354747283893
pass_yds,temp_80p,-2.022620945094401,2.646002618252392,0.4446499866005018,-7.209554099864166,3.164312209675364,14546,0.3227456772823757,Passing yards,237.97354747283893
pass_yds,rain,-15.96639824314306,2.6724037529958786,2.4161337375261382e-09,-21.205085285146307,-10.727711201139812,14546,0.3227456772823757,Passing yards,237.97354747283893
pass_yds,snow,-16.849309620781654,5.976210055492084,0.004824406466747311,-28.5644159713467,-5.134203270216606,14546,0.3227456772823757,Passing yards,237.97354747283893
pass_yds,indoor,5.157945967573435,2.076275627158093,0.013005535112810884,1.0878430830722694,9.2280488520746,14546,0.3227456772823757,Passing yards,237.97354747283893
pass_yds,roof_open,6.500402268299807,5.024481556608338,0.1957943043913366,-3.349039977798176,16.349844514397788,14546,0.3227456772823757,Passing yards,237.97354747283893
pass_yds,home_site,5.551847390955957,1.0565375201829352,1.5243140438769842e-07,3.4807271831027227,7.622967598809192,14546,0.3227456772823757,Passing yards,237.97354747283893
pass_yds,neutral,0.15579650389344457,6.198433467940114,0.9799481169810338,-11.994932237156636,12.306525244943526,14546,0.3227456772823757,Passing yards,237.97354747283893
pass_yds,playoff,15.828824642590146,8.604002599992018,0.06585232751295855,-1.0375178325732435,32.695167117753535,14546,0.3227456772823757,Passing yards,237.97354747283893
rush_yds,wind_10_14,-0.5435102291272355,0.9927794472178944,0.5840773360259628,-2.4896461076886776,1.4026256494342069,14546,0.2954664331300001,Rushing yards,113.09069437883798
rush_yds,wind_15_19,-0.21465747233795673,1.466326242186068,0.8836165163566001,-3.0890825197051597,2.6597675750292464,14546,0.2954664331300001,Rushing yards,113.09069437883798
rush_yds,wind_20p,7.719012609754757,2.252320925212672,0.0006133601178031078,3.3038098425392954,12.134215376970218,14546,0.2954664331300001,Rushing yards,113.09069437883798
rush_yds,temp_le32,3.4815117393741066,1.8888755652140887,0.06534540748515916,-0.2212326293802902,7.184256108128503,14546,0.2954664331300001,Rushing yards,113.09069437883798
rush_yds,temp_33_45,4.184061072763891,1.2561528802942705,0.0008701157843709062,1.7216368191699019,6.64648532635788,14546,0.2954664331300001,Rushing yards,113.09069437883798
rush_yds,temp_80p,-0.21401967129106922,1.3882122606852194,0.8774805493637419,-2.9353186417213464,2.5072792991392077,14546,0.2954664331300001,Rushing yards,113.09069437883798
rush_yds,rain,4.869162009916719,1.5605530869387578,0.0018146550523656657,1.8100249967541555,7.928299023079283,14546,0.2954664331300001,Rushing yards,113.09069437883798
rush_yds,snow,11.140356281311615,3.6687671045114683,0.002401585021474917,3.948507868067135,18.332204694556093,14546,0.2954664331300001,Rushing yards,113.09069437883798
rush_yds,indoor,0.6491437741068045,1.1521709864434373,0.5731736216436234,-1.6094457859800175,2.9077333341936265,14546,0.2954664331300001,Rushing yards,113.09069437883798
rush_yds,roof_open,2.9820358452777818,2.993972496959175,0.31927691766992794,-2.8870192727414024,8.851090963296965,14546,0.2954664331300001,Rushing yards,113.09069437883798
rush_yds,home_site,6.897518561218681,0.8694906208224328,2.4424906541753444e-15,5.193064567940345,8.601972554497017,14546,0.2954664331300001,Rushing yards,113.09069437883798
rush_yds,neutral,4.966815525859484,3.365245764543934,0.14001010286620486,-1.6300429616011884,11.563674013320156,14546,0.2954664331300001,Rushing yards,113.09069437883798
rush_yds,playoff,-4.288291782109593,4.429035061372692,0.3329654168687506,-12.97048606453431,4.393902500315124,14546,0.2954664331300001,Rushing yards,113.09069437883798
pts,wind_10_14,-0.7174427833395711,0.2353265758196464,0.0023065142591316423,-1.1787511773288224,-0.25613438935031996,14546,0.3066692629697707,Points scored,22.170524326877658
pts,wind_15_19,-1.758533728994834,0.34050913078602235,2.4758205285912993e-07,-2.426030460779013,-1.0910369972106546,14546,0.3066692629697707,Points scored,22.170524326877658
pts,wind_20p,-1.9468877051934315,0.5665653405106977,0.0005930200979096245,-3.0575202226243134,-0.8362551877625495,14546,0.3066692629697707,Points scored,22.170524326877658
pts,temp_le32,-0.31851207879245425,0.4270967280629832,0.4558359134818999,-1.1557456339681214,0.5187214763832129,14546,0.3066692629697707,Points scored,22.170524326877658
pts,temp_33_45,0.05359146867435615,0.29263742832290285,0.8546990408352237,-0.5200628311453274,0.6272457684940397,14546,0.3066692629697707,Points scored,22.170524326877658
pts,temp_80p,0.006813415873728563,0.33934541481882813,0.9839816100873962,-0.6584020948370713,0.6720289265845284,14546,0.3066692629697707,Points scored,22.170524326877658
pts,rain,-1.5688698357115172,0.3629517788175599,1.5630621176931925e-05,-2.280360671791971,-0.8573789996310636,14546,0.3066692629697707,Points scored,22.170524326877658
pts,snow,-0.2828626306772897,0.9064615898869963,0.7550103883478188,-2.0597904544356602,1.494065193081081,14546,0.3066692629697707,Points scored,22.170524326877658
pts,indoor,0.6206491350893732,0.2664757861758395,0.01988094501989779,0.09827924749958017,1.1430190226791663,14546,0.3066692629697707,Points scored,22.170524326877658
pts,roof_open,1.0781077919875548,0.6766682584639925,0.11114556139776854,-0.2483584028665311,2.4045739868416405,14546,0.3066692629697707,Points scored,22.170524326877658
pts,home_site,2.2918451306205077,0.1493548904653077,0.0,1.9990661938811427,2.5846240673598726,14546,0.3066692629697707,Points scored,22.170524326877658
pts,neutral,0.4275315891318183,0.7249457039661275,0.555381344730475,-0.9935724118133302,1.8486355900769669,14546,0.3066692629697707,Points scored,22.170524326877658
pts,playoff,0.18584500105711124,1.0804894733966974,0.8634417246046184,-1.932227987337214,2.3039179894514366,14546,0.3066692629697707,Points scored,22.170524326877658
fumbles,wind_10_14,-0.007365454276964938,0.030111244804085304,0.8067667956760896,-0.0663922341177402,0.051661325563810326,14546,0.17003918040813937,Fumbles,1.3323098724610298
fumbles,wind_15_19,0.09194802702164105,0.04327445227702224,0.03363988758715131,0.0071175398097882425,0.17677851423349386,14546,0.17003918040813937,Fumbles,1.3323098724610298
fumbles,wind_20p,0.1442594538299665,0.07880596065084189,0.06720636052920015,-0.010223103093317337,0.29874201075325035,14546,0.17003918040813937,Fumbles,1.3323098724610298
fumbles,temp_le32,0.11601129470735308,0.05754834578048107,0.04384789635563435,0.0031998331192756857,0.22882275629543047,14546,0.17003918040813937,Fumbles,1.3323098724610298
fumbles,temp_33_45,0.14872464123434923,0.037069634147509974,6.080136498276545e-05,0.07605739855342597,0.22139188391527248,14546,0.17003918040813937,Fumbles,1.3323098724610298
fumbles,temp_80p,-0.04020702363193035,0.043393819322714286,0.3541852246025141,-0.12527150490056,0.04485745763669928,14546,0.17003918040813937,Fumbles,1.3323098724610298
fumbles,rain,0.12721729197217155,0.05001371165377601,0.010990669251713658,0.029175900259035742,0.22525868368530735,14546,0.17003918040813937,Fumbles,1.3323098724610298
fumbles,snow,0.37879956746482174,0.11438478796454837,0.0009320799704455318,0.15457218197323555,0.603026952956408,14546,0.17003918040813937,Fumbles,1.3323098724610298
fumbles,indoor,0.004829298059042499,0.03418622587332492,0.8876649534115786,-0.06218562747263093,0.07184422359071593,14546,0.17003918040813937,Fumbles,1.3323098724610298
fumbles,roof_open,-0.027507565279452483,0.08444458028910512,0.7446251842480958,-0.19304345334726872,0.13802832278836377,14546,0.17003918040813937,Fumbles,1.3323098724610298
fumbles,home_site,-0.017056308788880866,0.019884170659168966,0.3910404225265727,-0.05603505481720612,0.021922437239444394,14546,0.17003918040813937,Fumbles,1.3323098724610298
fumbles,neutral,0.010080816056842442,0.10973582503741976,0.9268083044711117,-0.20503325269965092,0.2251948848133358,14546,0.17003918040813937,Fumbles,1.3323098724610298
fumbles,playoff,0.05214426706838118,0.13271069021429174,0.694392409128255,-0.20800720606943904,0.3122957402062014,14546,0.17003918040813937,Fumbles,1.3323098724610298
