subset,model,games,log_loss,brier,skill_vs_base
All games,base,5352,0.6933721959722065,0.2501124803117464,0.0
All games,logit,5352,0.6919928450331023,0.24940643706106408,0.0028229029187278876
All games,logit_x,5352,0.691518452410281,0.24916356601221798,0.0037939502192999575
All games,gbm,5352,0.6945972706172207,0.2506635110978016,-0.0022031319083655188
Outdoor games,base,3816,0.6931980020333377,0.25002539339009355,0.0
Outdoor games,logit,3816,0.6913352655724629,0.24907154964020042,0.0038149874977095877
Outdoor games,logit_x,3816,0.6907764282025812,0.24878382685805026,0.004965761738073504
Outdoor games,gbm,3816,0.69340546237823,0.2500521571504175,-0.00010704416843854148
"Outdoor, wind 15+",base,466,0.6921880598127564,0.2495204505677178,0.0
"Outdoor, wind 15+",logit,466,0.6905066053972506,0.2485618039569166,0.0038419560746225656
"Outdoor, wind 15+",logit_x,466,0.6908299596397698,0.24868233509677048,0.00335890492759372
"Outdoor, wind 15+",gbm,466,0.6993071855018735,0.2529037531921882,-0.01355921976243879
Games with O/U prices,base,5216,0.6933782155352161,0.2501154851938788,0.0
Games with O/U prices,logit,5216,0.6915494620512558,0.24919663108344947,0.0036737194009280882
Games with O/U prices,logit_x,5216,0.6910529506704299,0.24894597878518313,0.0046758656617725824
Games with O/U prices,gbm,5216,0.6939936615181668,0.2503820380096471,-0.001065718964028628
Games with O/U prices,market,5216,0.6933587463850434,0.2501056742180349,3.9225783386553914e-05
