snapshot_utc,rules_version,game_id,gameday,gametime,away_team,home_team,lead_days,wx_src,wx_wind,wx_temp,wx_precip,wx_snow,line_src,total_line,under_odds,over_odds,p_under,p_market,lean,ev_under,rule_b,best_under,best_under_book
2026-10-06T00:15:00Z,v3-2026-09-28,2025_05_SF_LA,2026-10-08,20:15,SF,LA,3,indoor,,,,,pinnacle,43.5,-108.0,-112.0,,0.49546444121915795,,0.10682023486901537,not_outdoor,,
2026-10-08T13:30:00Z,v3-2026-09-28,2025_05_MIN_CLE,2026-10-11,09:30,MIN,CLE,3,era5,8.3,,,,pinnacle,35.5,-112.0,-108.0,,0.5045355587808416,,0.0878157665505227,no_trigger,,
2026-10-08T17:00:00Z,v3-2026-09-28,2025_05_HOU_BAL,2026-10-11,13:00,HOU,BAL,3,era5,6.4,,,,pinnacle,41.5,-115.0,-105.0,,0.5113442994895061,,0.07443001060445387,no_trigger,,
2026-10-08T17:00:00Z,v3-2026-09-28,2025_05_MIA_CAR,2026-10-11,13:00,MIA,CAR,3,era5,10.5,,,,pinnacle,44.5,-105.0,-115.0,,0.4886557005104931,,0.12202380952380953,no_trigger,,
2026-10-08T17:00:00Z,v3-2026-09-28,2025_05_LV_IND,2026-10-11,13:00,LV,IND,3,indoor,,,,,pinnacle,46.5,-108.0,-112.0,,0.49546444121915795,,0.10682023486901537,not_outdoor,,
2026-10-08T17:00:00Z,v3-2026-09-28,2025_05_NYG_NO,2026-10-11,13:00,NYG,NO,3,indoor,,,,,pinnacle,41.5,-105.0,-115.0,,0.4886557005104931,,0.12202380952380953,not_outdoor,,
2026-10-08T17:00:00Z,v3-2026-09-28,2025_05_DAL_NYJ,2026-10-11,13:00,DAL,NYJ,3,era5,6.1,,,,pinnacle,48.5,-110.0,-110.0,,0.4999999999999999,,0.09714523281596454,no_trigger,,
2026-10-08T17:00:00Z,v3-2026-09-28,2025_05_DEN_PHI,2026-10-11,13:00,DEN,PHI,3,era5,6.2,,,,pinnacle,44.5,-115.0,-105.0,,0.5113442994895061,,0.07443001060445387,no_trigger,,
2026-10-08T20:05:00Z,v3-2026-09-28,2025_05_TEN_ARI,2026-10-11,16:05,TEN,ARI,3,indoor,,,,,pinnacle,41.5,-110.0,-110.0,,0.4999999999999999,,0.09714523281596454,not_outdoor,,
2026-10-08T20:05:00Z,v3-2026-09-28,2025_05_TB_SEA,2026-10-11,16:05,TB,SEA,3,era5,9.6,,,,pinnacle,44.5,-110.0,-110.0,,0.4999999999999999,,0.09714523281596454,no_trigger,,
2026-10-08T20:25:00Z,v3-2026-09-28,2025_05_DET_CIN,2026-10-11,16:25,DET,CIN,3,era5,4.9,,,,pinnacle,49.5,-112.0,-108.0,,0.5045355587808416,,0.0878157665505227,no_trigger,,
2026-10-08T20:25:00Z,v3-2026-09-28,2025_05_WAS_LAC,2026-10-11,16:25,WAS,LAC,3,indoor,,,,,pinnacle,47.5,-115.0,-105.0,,0.5113442994895061,,0.07443001060445387,not_outdoor,,
2026-10-09T00:20:00Z,v3-2026-09-28,2025_05_NE_BUF,2026-10-11,20:20,NE,BUF,3,era5,5.8,,,,pinnacle,49.5,-108.0,-112.0,,0.49546444121915795,,0.10682023486901537,no_trigger,,
2026-10-10T00:15:00Z,v3-2026-09-28,2025_05_KC_JAX,2026-10-12,20:15,KC,JAX,3,era5,9.9,,,,pinnacle,45.5,-108.0,-112.0,,0.49546444121915795,,0.10682023486901537,no_trigger,,
2026-10-13T00:15:00Z,v3-2026-09-28,2025_06_PHI_NYG,2026-10-15,20:15,PHI,NYG,3,era5,7.6,,,,pinnacle,40.5,-105.0,-115.0,,0.4886557005104931,,0.12202380952380953,no_trigger,,
2026-10-15T13:30:00Z,v3-2026-09-28,2025_06_DEN_NYJ,2026-10-18,09:30,DEN,NYJ,3,era5,17.2,,,,pinnacle,43.5,-112.0,-108.0,,0.5045355587808416,,0.0878157665505227,SIGNAL,,
2026-10-15T17:00:00Z,v3-2026-09-28,2025_06_LA_BAL,2026-10-18,13:00,LA,BAL,3,era5,15.2,,,,pinnacle,43.5,-108.0,-112.0,,0.49546444121915795,,0.10682023486901537,SIGNAL,,
2026-10-15T17:00:00Z,v3-2026-09-28,2025_06_DAL_CAR,2026-10-18,13:00,DAL,CAR,3,era5,8.6,,,,pinnacle,47.5,-105.0,-115.0,,0.4886557005104931,,0.12202380952380953,no_trigger,,
2026-10-15T17:00:00Z,v3-2026-09-28,2025_06_ARI_IND,2026-10-18,13:00,ARI,IND,3,indoor,,,,,pinnacle,46.5,-122.0,102.0,,0.5272500222995272,,0.04575669732107163,not_outdoor,,
2026-10-15T17:00:00Z,v3-2026-09-28,2025_06_SEA_JAX,2026-10-18,13:00,SEA,JAX,3,era5,7.6,,,,pinnacle,47.5,-115.0,-105.0,,0.5113442994895061,,0.07443001060445387,no_trigger,,
2026-10-15T17:00:00Z,v3-2026-09-28,2025_06_LAC_MIA,2026-10-18,13:00,LAC,MIA,3,era5,8.6,,,,pinnacle,45.5,-115.0,-105.0,,0.5113442994895061,,0.07443001060445387,no_trigger,,
2026-10-15T17:00:00Z,v3-2026-09-28,2025_06_NE_NO,2026-10-18,13:00,NE,NO,3,indoor,,,,,pinnacle,46.5,-115.0,-105.0,,0.5113442994895061,,0.07443001060445387,not_outdoor,,
2026-10-15T17:00:00Z,v3-2026-09-28,2025_06_CLE_PIT,2026-10-18,13:00,CLE,PIT,3,era5,6.2,,,,pinnacle,37.5,100.0,-120.0,,0.47727272727272363,,0.14939024390243905,no_trigger,,
2026-10-15T20:05:00Z,v3-2026-09-28,2025_06_TEN_LV,2026-10-18,16:05,TEN,LV,3,indoor,,,,,pinnacle,41.5,-105.0,-115.0,,0.4886557005104931,,0.12202380952380953,not_outdoor,,
2026-10-15T20:25:00Z,v3-2026-09-28,2025_06_CIN_GB,2026-10-18,16:25,CIN,GB,3,era5,13.8,,,,pinnacle,44.5,-110.0,-110.0,,0.4999999999999999,,0.09714523281596454,no_trigger,,
2026-10-15T20:25:00Z,v3-2026-09-28,2025_06_SF_TB,2026-10-18,16:25,SF,TB,3,era5,11.8,,,,pinnacle,46.5,-105.0,-115.0,,0.4886557005104931,,0.12202380952380953,no_trigger,,
2026-10-16T00:20:00Z,v3-2026-09-28,2025_06_DET_KC,2026-10-18,20:20,DET,KC,3,era5,10.1,,,,pinnacle,51.5,-105.0,-115.0,,0.4886557005104931,,0.12202380952380953,no_trigger,,
2026-10-16T23:15:00Z,v3-2026-09-28,2025_06_BUF_ATL,2026-10-19,19:15,BUF,ATL,3,indoor,,,,,pinnacle,49.5,-102.0,-118.0,,0.48183304568988966,,0.13812171209947388,not_outdoor,,
2026-10-17T00:15:00Z,v3-2026-09-28,2025_06_CHI_WAS,2026-10-19,20:15,CHI,WAS,3,era5,10.9,,,,pinnacle,49.5,-105.0,-115.0,,0.4886557005104931,,0.12202380952380953,no_trigger,,
2026-10-20T00:15:00Z,v3-2026-09-28,2025_07_PIT_CIN,2026-10-22,20:15,PIT,CIN,3,era5,6.0,,,,pinnacle,45.5,-115.0,-105.0,,0.5113442994895061,,0.07443001060445387,no_trigger,,
2026-10-22T13:30:00Z,v3-2026-09-28,2025_07_LA_JAX,2026-10-25,09:30,LA,JAX,3,era5,5.0,,,,pinnacle,44.5,-105.0,-115.0,,0.4886557005104931,,0.12202380952380953,no_trigger,,
2026-10-22T17:00:00Z,v3-2026-09-28,2025_07_NO_CHI,2026-10-25,13:00,NO,CHI,3,era5,17.6,,,,pinnacle,43.5,-110.0,-110.0,,0.4999999999999999,,0.09714523281596454,SIGNAL,,
2026-10-22T17:00:00Z,v3-2026-09-28,2025_07_MIA_CLE,2026-10-25,13:00,MIA,CLE,3,era5,15.0,,,,pinnacle,34.5,-112.0,-108.0,,0.5045355587808416,,0.0878157665505227,SIGNAL,,
2026-10-22T17:00:00Z,v3-2026-09-28,2025_07_LV_KC,2026-10-25,13:00,LV,KC,3,era5,12.4,,,,pinnacle,44.5,-115.0,-105.0,,0.5113442994895061,,0.07443001060445387,no_trigger,,
2026-10-22T17:00:00Z,v3-2026-09-28,2025_07_PHI_MIN,2026-10-25,13:00,PHI,MIN,3,indoor,,,,,pinnacle,43.5,-105.0,-115.0,,0.4886557005104931,,0.12202380952380953,not_outdoor,,
2026-10-22T17:00:00Z,v3-2026-09-28,2025_07_CAR_NYJ,2026-10-25,13:00,CAR,NYJ,3,era5,14.4,,,,pinnacle,39.5,-102.0,-118.0,,0.48183304568988966,,0.13812171209947388,no_trigger,,
2026-10-22T17:00:00Z,v3-2026-09-28,2025_07_NE_TEN,2026-10-25,13:00,NE,TEN,3,era5,13.2,,,,pinnacle,40.5,-108.0,-112.0,,0.49546444121915795,,0.10682023486901537,no_trigger,,
2026-10-22T20:05:00Z,v3-2026-09-28,2025_07_NYG_DEN,2026-10-25,16:05,NYG,DEN,3,era5,3.7,,,,pinnacle,39.5,-105.0,-115.0,,0.4886557005104931,,0.12202380952380953,no_trigger,,
2026-10-22T20:05:00Z,v3-2026-09-28,2025_07_IND_LAC,2026-10-25,16:05,IND,LAC,3,indoor,,,,,pinnacle,48.5,-110.0,-110.0,,0.4999999999999999,,0.09714523281596454,not_outdoor,,
2026-10-22T20:25:00Z,v3-2026-09-28,2025_07_GB_ARI,2026-10-25,16:25,GB,ARI,3,indoor,,,,,pinnacle,44.5,-110.0,-110.0,,0.4999999999999999,,0.09714523281596454,not_outdoor,,
2026-10-22T20:25:00Z,v3-2026-09-28,2025_07_WAS_DAL,2026-10-25,16:25,WAS,DAL,3,indoor,,,,,pinnacle,54.5,-108.0,-112.0,,0.49546444121915795,,0.10682023486901537,not_outdoor,,
2026-10-23T00:20:00Z,v3-2026-09-28,2025_07_ATL_SF,2026-10-25,20:20,ATL,SF,3,era5,5.0,,,,pinnacle,46.5,-112.0,-108.0,,0.5045355587808416,,0.0878157665505227,no_trigger,,
2026-10-23T23:00:00Z,v3-2026-09-28,2025_07_TB_DET,2026-10-26,19:00,TB,DET,3,indoor,,,,,pinnacle,54.5,-115.0,-105.0,,0.5113442994895061,,0.07443001060445387,not_outdoor,,
2026-10-24T02:00:00Z,v3-2026-09-28,2025_07_HOU_SEA,2026-10-26,22:00,HOU,SEA,3,era5,3.4,,,,pinnacle,41.5,-110.0,-110.0,,0.4999999999999999,,0.09714523281596454,no_trigger,,
2026-10-27T00:15:00Z,v3-2026-09-28,2025_08_MIN_LAC,2026-10-29,20:15,MIN,LAC,3,indoor,,,,,pinnacle,45.5,-110.0,-110.0,,0.4999999999999999,,0.09714523281596454,not_outdoor,,
2026-10-29T17:00:00Z,v3-2026-09-28,2025_08_MIA_ATL,2026-11-01,13:00,MIA,ATL,3,indoor,,,,,pinnacle,44.5,-115.0,-105.0,,0.5113442994895061,,0.07443001060445387,not_outdoor,,
2026-10-29T17:00:00Z,v3-2026-09-28,2025_08_CHI_BAL,2026-11-01,13:00,CHI,BAL,3,era5,3.1,,,,pinnacle,45.5,-112.0,-108.0,,0.5045355587808416,,0.0878157665505227,no_trigger,,
2026-10-29T17:00:00Z,v3-2026-09-28,2025_08_BUF_CAR,2026-11-01,13:00,BUF,CAR,3,era5,7.2,,,,pinnacle,47.5,-108.0,-112.0,,0.49546444121915795,,0.10682023486901537,no_trigger,,
2026-10-29T17:00:00Z,v3-2026-09-28,2025_08_NYJ_CIN,2026-11-01,13:00,NYJ,CIN,3,era5,6.4,,,,pinnacle,43.5,-102.0,-118.0,,0.48183304568988966,,0.13812171209947388,no_trigger,,
2026-10-29T17:00:00Z,v3-2026-09-28,2025_08_SF_HOU,2026-11-01,13:00,SF,HOU,3,indoor,,,,,pinnacle,41.5,-112.0,-108.0,,0.5045355587808416,,0.0878157665505227,not_outdoor,,
2026-10-29T17:00:00Z,v3-2026-09-28,2025_08_CLE_NE,2026-11-01,13:00,CLE,NE,3,era5,3.5,,,,pinnacle,40.5,-115.0,-105.0,,0.5113442994895061,,0.07443001060445387,no_trigger,,
2026-10-29T17:00:00Z,v3-2026-09-28,2025_08_NYG_PHI,2026-11-01,13:00,NYG,PHI,3,era5,4.8,,,,pinnacle,43.5,-108.0,-112.0,,0.49546444121915795,,0.10682023486901537,no_trigger,,
2026-10-29T20:05:00Z,v3-2026-09-28,2025_08_TB_NO,2026-11-01,16:05,TB,NO,3,indoor,,,,,pinnacle,46.5,-110.0,-110.0,,0.4999999999999999,,0.09714523281596454,not_outdoor,,
2026-10-29T20:25:00Z,v3-2026-09-28,2025_08_DAL_DEN,2026-11-01,16:25,DAL,DEN,3,era5,5.6,,,,pinnacle,51.5,-110.0,-110.0,,0.4999999999999999,,0.09714523281596454,no_trigger,,
2026-10-29T20:25:00Z,v3-2026-09-28,2025_08_TEN_IND,2026-11-01,16:25,TEN,IND,3,indoor,,,,,pinnacle,47.5,-102.0,-118.0,,0.48183304568988966,,0.13812171209947388,not_outdoor,,
2026-10-30T00:20:00Z,v3-2026-09-28,2025_08_GB_PIT,2026-11-01,20:20,GB,PIT,3,era5,5.6,,,,pinnacle,46.5,-115.0,-105.0,,0.5113442994895061,,0.07443001060445387,no_trigger,,
2026-10-31T00:15:00Z,v3-2026-09-28,2025_08_WAS_KC,2026-11-02,20:15,WAS,KC,3,era5,5.0,,,,pinnacle,48.5,-115.0,-105.0,,0.5113442994895061,,0.07443001060445387,no_trigger,,
2026-11-03T00:15:00Z,v3-2026-09-28,2025_09_BAL_MIA,2026-11-05,20:15,BAL,MIA,3,era5,12.7,,,,pinnacle,51.5,-110.0,-110.0,,0.4999999999999999,,0.09714523281596454,no_trigger,,
2026-11-05T18:00:00Z,v3-2026-09-28,2025_09_CHI_CIN,2026-11-08,13:00,CHI,CIN,3,era5,4.9,,,,pinnacle,51.5,-108.0,-112.0,,0.49546444121915795,,0.10682023486901537,no_trigger,,
2026-11-05T18:00:00Z,v3-2026-09-28,2025_09_MIN_DET,2026-11-08,13:00,MIN,DET,3,indoor,,,,,pinnacle,47.5,-105.0,-115.0,,0.4886557005104931,,0.12202380952380953,not_outdoor,,
2026-11-05T18:00:00Z,v3-2026-09-28,2025_09_CAR_GB,2026-11-08,13:00,CAR,GB,3,era5,8.3,,,,pinnacle,43.5,-115.0,-105.0,,0.5113442994895061,,0.07443001060445387,no_trigger,,
2026-11-05T18:00:00Z,v3-2026-09-28,2025_09_DEN_HOU,2026-11-08,13:00,DEN,HOU,3,indoor,,,,,pinnacle,40.5,-105.0,-115.0,,0.4886557005104931,,0.12202380952380953,not_outdoor,,
2026-11-05T18:00:00Z,v3-2026-09-28,2025_09_ATL_NE,2026-11-08,13:00,ATL,NE,3,era5,7.5,,,,pinnacle,45.5,-112.0,-108.0,,0.5045355587808416,,0.0878157665505227,no_trigger,,
2026-11-05T18:00:00Z,v3-2026-09-28,2025_09_SF_NYG,2026-11-08,13:00,SF,NYG,3,era5,5.9,,,,pinnacle,47.5,-108.0,-112.0,,0.49546444121915795,,0.10682023486901537,no_trigger,,
2026-11-05T18:00:00Z,v3-2026-09-28,2025_09_IND_PIT,2026-11-08,13:00,IND,PIT,3,era5,5.1,,,,pinnacle,51.5,-105.0,-115.0,,0.4886557005104931,,0.12202380952380953,no_trigger,,
2026-11-05T18:00:00Z,v3-2026-09-28,2025_09_LAC_TEN,2026-11-08,13:00,LAC,TEN,3,era5,8.1,,,,pinnacle,44.5,-110.0,-110.0,,0.4999999999999999,,0.09714523281596454,no_trigger,,
2026-11-05T21:05:00Z,v3-2026-09-28,2025_09_NO_LA,2026-11-08,16:05,NO,LA,3,indoor,,,,,pinnacle,44.5,-105.0,-115.0,,0.4886557005104931,,0.12202380952380953,not_outdoor,,
2026-11-05T21:05:00Z,v3-2026-09-28,2025_09_JAX_LV,2026-11-08,16:05,JAX,LV,3,indoor,,,,,pinnacle,43.5,-105.0,-115.0,,0.4886557005104931,,0.12202380952380953,not_outdoor,,
2026-11-05T21:25:00Z,v3-2026-09-28,2025_09_KC_BUF,2026-11-08,16:25,KC,BUF,3,era5,7.5,,,,pinnacle,53.5,-115.0,-105.0,,0.5113442994895061,,0.07443001060445387,no_trigger,,
2026-11-06T01:20:00Z,v3-2026-09-28,2025_09_SEA_WAS,2026-11-08,20:20,SEA,WAS,3,era5,5.4,,,,pinnacle,47.5,-115.0,-105.0,,0.5113442994895061,,0.07443001060445387,no_trigger,,
2026-11-07T01:15:00Z,v3-2026-09-28,2025_09_ARI_DAL,2026-11-09,20:15,ARI,DAL,3,indoor,,,,,pinnacle,53.5,-105.0,-115.0,,0.4886557005104931,,0.12202380952380953,not_outdoor,,
2026-11-10T01:15:00Z,v3-2026-09-28,2025_10_LV_DEN,2026-11-12,20:15,LV,DEN,3,era5,4.0,,,,pinnacle,42.5,-110.0,-110.0,,0.4999999999999999,,0.09714523281596454,no_trigger,,
2026-11-12T14:30:00Z,v3-2026-09-28,2025_10_ATL_IND,2026-11-15,09:30,ATL,IND,3,indoor,,,,,pinnacle,48.5,-112.0,-108.0,,0.5045355587808416,,0.0878157665505227,not_outdoor,,
2026-11-12T18:00:00Z,v3-2026-09-28,2025_10_NO_CAR,2026-11-15,13:00,NO,CAR,3,era5,11.2,,,,pinnacle,38.5,-105.0,-115.0,,0.4886557005104931,,0.12202380952380953,no_trigger,,
2026-11-12T18:00:00Z,v3-2026-09-28,2025_10_NYG_CHI,2026-11-15,13:00,NYG,CHI,3,era5,13.0,,,,pinnacle,45.5,-112.0,-108.0,,0.5045355587808416,,0.0878157665505227,no_trigger,,
2026-11-12T18:00:00Z,v3-2026-09-28,2025_10_JAX_HOU,2026-11-15,13:00,JAX,HOU,3,indoor,,,,,pinnacle,37.5,-112.0,-108.0,,0.5045355587808416,,0.0878157665505227,not_outdoor,,
2026-11-12T18:00:00Z,v3-2026-09-28,2025_10_BUF_MIA,2026-11-15,13:00,BUF,MIA,3,era5,5.9,,,,pinnacle,50.5,-115.0,-105.0,,0.5113442994895061,,0.07443001060445387,no_trigger,,
2026-11-12T18:00:00Z,v3-2026-09-28,2025_10_BAL_MIN,2026-11-15,13:00,BAL,MIN,3,indoor,,,,,pinnacle,48.5,-105.0,-115.0,,0.4886557005104931,,0.12202380952380953,not_outdoor,,
2026-11-12T18:00:00Z,v3-2026-09-28,2025_10_CLE_NYJ,2026-11-15,13:00,CLE,NYJ,3,era5,7.1,,,,pinnacle,37.5,-115.0,-105.0,,0.5113442994895061,,0.07443001060445387,no_trigger,,
2026-11-12T18:00:00Z,v3-2026-09-28,2025_10_NE_TB,2026-11-15,13:00,NE,TB,3,era5,9.5,,,,pinnacle,48.5,-105.0,-115.0,,0.4886557005104931,,0.12202380952380953,no_trigger,,
2026-11-12T21:05:00Z,v3-2026-09-28,2025_10_ARI_SEA,2026-11-15,16:05,ARI,SEA,3,era5,2.5,,,,pinnacle,44.5,-102.0,-118.0,,0.48183304568988966,,0.13812171209947388,no_trigger,,
2026-11-12T21:25:00Z,v3-2026-09-28,2025_10_LA_SF,2026-11-15,16:25,LA,SF,3,era5,4.0,,,,pinnacle,49.5,-110.0,-110.0,,0.4999999999999999,,0.09714523281596454,no_trigger,,
2026-11-12T21:25:00Z,v3-2026-09-28,2025_10_DET_WAS,2026-11-15,16:25,DET,WAS,3,era5,6.5,,,,pinnacle,49.5,-112.0,-108.0,,0.5045355587808416,,0.0878157665505227,no_trigger,,
2026-11-13T01:20:00Z,v3-2026-09-28,2025_10_PIT_LAC,2026-11-15,20:20,PIT,LAC,3,indoor,,,,,pinnacle,45.5,-115.0,-105.0,,0.5113442994895061,,0.07443001060445387,not_outdoor,,
2026-11-14T01:15:00Z,v3-2026-09-28,2025_10_PHI_GB,2026-11-16,20:15,PHI,GB,3,era5,9.8,,,,pinnacle,45.5,-108.0,-112.0,,0.49546444121915795,,0.10682023486901537,no_trigger,,
2026-11-17T01:15:00Z,v3-2026-09-28,2025_11_NYJ_NE,2026-11-19,20:15,NYJ,NE,3,era5,10.9,,,,pinnacle,43.5,-115.0,-105.0,,0.5113442994895061,,0.07443001060445387,no_trigger,,
2026-11-19T14:30:00Z,v3-2026-09-28,2025_11_WAS_MIA,2026-11-22,09:30,WAS,MIA,3,era5,2.1,,,,pinnacle,47.5,-110.0,-110.0,,0.4999999999999999,,0.09714523281596454,no_trigger,,
2026-11-19T18:00:00Z,v3-2026-09-28,2025_11_CAR_ATL,2026-11-22,13:00,CAR,ATL,3,indoor,,,,,pinnacle,42.5,-110.0,-110.0,,0.4999999999999999,,0.09714523281596454,not_outdoor,,
2026-11-19T18:00:00Z,v3-2026-09-28,2025_11_TB_BUF,2026-11-22,13:00,TB,BUF,3,era5,17.0,,,,pinnacle,46.5,-112.0,-108.0,,0.5045355587808416,,0.0878157665505227,SIGNAL,,
2026-11-19T18:00:00Z,v3-2026-09-28,2025_11_LAC_JAX,2026-11-22,13:00,LAC,JAX,3,era5,11.9,,,,pinnacle,43.5,-110.0,-110.0,,0.4999999999999999,,0.09714523281596454,no_trigger,,
2026-11-19T18:00:00Z,v3-2026-09-28,2025_11_CHI_MIN,2026-11-22,13:00,CHI,MIN,3,indoor,,,,,pinnacle,47.5,-102.0,-118.0,,0.48183304568988966,,0.13812171209947388,not_outdoor,,
2026-11-19T18:00:00Z,v3-2026-09-28,2025_11_GB_NYG,2026-11-22,13:00,GB,NYG,3,era5,16.1,,,,pinnacle,41.5,-110.0,-110.0,,0.4999999999999999,,0.09714523281596454,SIGNAL,,
2026-11-19T18:00:00Z,v3-2026-09-28,2025_11_CIN_PIT,2026-11-22,13:00,CIN,PIT,3,era5,13.8,,,,pinnacle,48.5,-110.0,-110.0,,0.4999999999999999,,0.09714523281596454,no_trigger,,
2026-11-19T18:00:00Z,v3-2026-09-28,2025_11_HOU_TEN,2026-11-22,13:00,HOU,TEN,3,era5,9.4,,,,pinnacle,37.5,-118.0,-102.0,,0.5181669543101094,,0.06172488631665979,no_trigger,,
2026-11-19T21:05:00Z,v3-2026-09-28,2025_11_SF_ARI,2026-11-22,16:05,SF,ARI,3,indoor,,,,,pinnacle,48.5,-112.0,-108.0,,0.5045355587808416,,0.0878157665505227,not_outdoor,,
2026-11-19T21:05:00Z,v3-2026-09-28,2025_11_SEA_LA,2026-11-22,16:05,SEA,LA,3,indoor,,,,,pinnacle,49.5,-105.0,-115.0,,0.4886557005104931,,0.12202380952380953,not_outdoor,,
2026-11-19T21:25:00Z,v3-2026-09-28,2025_11_BAL_CLE,2026-11-22,16:25,BAL,CLE,3,era5,20.1,,,,pinnacle,37.5,-105.0,-115.0,,0.4886557005104931,,0.12202380952380953,SIGNAL,,
2026-11-19T21:25:00Z,v3-2026-09-28,2025_11_KC_DEN,2026-11-22,16:25,KC,DEN,3,era5,5.4,,,,pinnacle,44.5,-110.0,-110.0,,0.4999999999999999,,0.09714523281596454,no_trigger,,
2026-11-20T01:20:00Z,v3-2026-09-28,2025_11_DET_PHI,2026-11-22,20:20,DET,PHI,3,era5,13.4,,,,pinnacle,46.5,-108.0,-112.0,,0.49546444121915795,,0.10682023486901537,no_trigger,,
2026-11-21T01:15:00Z,v3-2026-09-28,2025_11_DAL_LV,2026-11-23,20:15,DAL,LV,3,indoor,,,,,pinnacle,48.5,-115.0,-105.0,,0.5113442994895061,,0.07443001060445387,not_outdoor,,
2026-11-24T01:15:00Z,v3-2026-09-28,2025_12_BUF_HOU,2026-11-26,20:15,BUF,HOU,3,indoor,,,,,pinnacle,43.5,-105.0,-115.0,,0.4886557005104931,,0.12202380952380953,not_outdoor,,
2026-11-26T18:00:00Z,v3-2026-09-28,2025_12_NYJ_BAL,2026-11-29,13:00,NYJ,BAL,3,era5,6.8,,,,pinnacle,44.5,-102.0,-118.0,,0.48183304568988966,,0.13812171209947388,no_trigger,,
2026-11-26T18:00:00Z,v3-2026-09-28,2025_12_PIT_CHI,2026-11-29,13:00,PIT,CHI,3,era5,6.1,,,,pinnacle,46.5,-108.0,-112.0,,0.49546444121915795,,0.10682023486901537,no_trigger,,
2026-11-26T18:00:00Z,v3-2026-09-28,2025_12_NE_CIN,2026-11-29,13:00,NE,CIN,3,era5,6.9,,,,pinnacle,50.5,-102.0,-118.0,,0.48183304568988966,,0.13812171209947388,no_trigger,,
2026-11-26T18:00:00Z,v3-2026-09-28,2025_12_NYG_DET,2026-11-29,13:00,NYG,DET,3,indoor,,,,,pinnacle,50.5,100.0,-120.0,,0.47727272727272363,,0.14939024390243905,not_outdoor,,
2026-11-26T18:00:00Z,v3-2026-09-28,2025_12_MIN_GB,2026-11-29,13:00,MIN,GB,3,era5,7.6,,,,pinnacle,41.5,-112.0,-108.0,,0.5045355587808416,,0.0878157665505227,no_trigger,,
2026-11-26T18:00:00Z,v3-2026-09-28,2025_12_IND_KC,2026-11-29,13:00,IND,KC,3,era5,7.1,,,,pinnacle,50.5,-112.0,-108.0,,0.5045355587808416,,0.0878157665505227,no_trigger,,
2026-11-26T18:00:00Z,v3-2026-09-28,2025_12_SEA_TEN,2026-11-29,13:00,SEA,TEN,3,era5,3.5,,,,pinnacle,41.5,-110.0,-110.0,,0.4999999999999999,,0.09714523281596454,no_trigger,,
2026-11-26T21:05:00Z,v3-2026-09-28,2025_12_JAX_ARI,2026-11-29,16:05,JAX,ARI,3,indoor,,,,,pinnacle,47.5,-115.0,-105.0,,0.5113442994895061,,0.07443001060445387,not_outdoor,,
2026-11-26T21:05:00Z,v3-2026-09-28,2025_12_CLE_LV,2026-11-29,16:05,CLE,LV,3,indoor,,,,,pinnacle,35.5,-102.0,-118.0,,0.48183304568988966,,0.13812171209947388,not_outdoor,,
2026-11-26T21:25:00Z,v3-2026-09-28,2025_12_PHI_DAL,2026-11-29,16:25,PHI,DAL,3,indoor,,,,,pinnacle,47.5,100.0,-120.0,,0.47727272727272363,,0.14939024390243905,not_outdoor,,
2026-11-26T21:25:00Z,v3-2026-09-28,2025_12_ATL_NO,2026-11-29,16:25,ATL,NO,3,indoor,,,,,pinnacle,41.5,-118.0,-102.0,,0.5181669543101094,,0.06172488631665979,not_outdoor,,
2026-11-27T01:20:00Z,v3-2026-09-28,2025_12_TB_LA,2026-11-29,20:20,TB,LA,3,indoor,,,,,pinnacle,49.5,100.0,-120.0,,0.47727272727272363,,0.14939024390243905,not_outdoor,,
2026-11-28T01:15:00Z,v3-2026-09-28,2025_12_CAR_SF,2026-11-30,20:15,CAR,SF,3,era5,7.6,,,,pinnacle,48.5,-105.0,-115.0,,0.4886557005104931,,0.12202380952380953,no_trigger,,
2026-11-30T18:00:00Z,v3-2026-09-28,2025_13_GB_DET,2026-12-03,13:00,GB,DET,3,indoor,,,,,pinnacle,48.5,-110.0,-110.0,,0.4999999999999999,,0.09714523281596454,not_outdoor,,
2026-11-30T21:30:00Z,v3-2026-09-28,2025_13_KC_DAL,2026-12-03,16:30,KC,DAL,3,indoor,,,,,pinnacle,53.5,-110.0,-110.0,,0.4999999999999999,,0.09714523281596454,not_outdoor,,
2026-12-01T01:20:00Z,v3-2026-09-28,2025_13_CIN_BAL,2026-12-03,20:20,CIN,BAL,3,era5,13.5,,,,pinnacle,52.5,-115.0,-105.0,,0.5113442994895061,,0.07443001060445387,no_trigger,,
2026-12-01T20:00:00Z,v3-2026-09-28,2025_13_CHI_PHI,2026-12-04,15:00,CHI,PHI,3,era5,15.3,,,,pinnacle,43.5,-115.0,-105.0,,0.5113442994895061,,0.07443001060445387,SIGNAL,,
2026-12-03T18:00:00Z,v3-2026-09-28,2025_13_LA_CAR,2026-12-06,13:00,LA,CAR,3,era5,8.3,,,,pinnacle,44.5,-105.0,-115.0,,0.4886557005104931,,0.12202380952380953,no_trigger,,
2026-12-03T18:00:00Z,v3-2026-09-28,2025_13_SF_CLE,2026-12-06,13:00,SF,CLE,3,era5,22.0,,,,pinnacle,35.5,-112.0,-108.0,,0.5045355587808416,,0.0878157665505227,SIGNAL,,
2026-12-03T18:00:00Z,v3-2026-09-28,2025_13_HOU_IND,2026-12-06,13:00,HOU,IND,3,indoor,,,,,pinnacle,44.5,-112.0,-108.0,,0.5045355587808416,,0.0878157665505227,not_outdoor,,
2026-12-03T18:00:00Z,v3-2026-09-28,2025_13_NO_MIA,2026-12-06,13:00,NO,MIA,3,era5,11.9,,,,pinnacle,41.5,-105.0,-115.0,,0.4886557005104931,,0.12202380952380953,no_trigger,,
2026-12-03T18:00:00Z,v3-2026-09-28,2025_13_ATL_NYJ,2026-12-06,13:00,ATL,NYJ,3,era5,11.5,,,,pinnacle,38.5,-105.0,-115.0,,0.4886557005104931,,0.12202380952380953,no_trigger,,
2026-12-03T18:00:00Z,v3-2026-09-28,2025_13_ARI_TB,2026-12-06,13:00,ARI,TB,3,era5,9.4,,,,pinnacle,44.5,-108.0,-112.0,,0.49546444121915795,,0.10682023486901537,no_trigger,,
2026-12-03T18:00:00Z,v3-2026-09-28,2025_13_JAX_TEN,2026-12-06,13:00,JAX,TEN,3,era5,9.7,,,,pinnacle,42.5,-105.0,-115.0,,0.4886557005104931,,0.12202380952380953,no_trigger,,
2026-12-03T21:05:00Z,v3-2026-09-28,2025_13_MIN_SEA,2026-12-06,16:05,MIN,SEA,3,era5,2.0,,,,pinnacle,42.5,-110.0,-110.0,,0.4999999999999999,,0.09714523281596454,no_trigger,,
2026-12-03T21:25:00Z,v3-2026-09-28,2025_13_LV_LAC,2026-12-06,16:25,LV,LAC,3,indoor,,,,,pinnacle,40.5,-108.0,-112.0,,0.49546444121915795,,0.10682023486901537,not_outdoor,,
2026-12-03T21:25:00Z,v3-2026-09-28,2025_13_BUF_PIT,2026-12-06,16:25,BUF,PIT,3,era5,13.4,,,,pinnacle,44.5,-112.0,-108.0,,0.5045355587808416,,0.0878157665505227,no_trigger,,
2026-12-04T01:20:00Z,v3-2026-09-28,2025_13_DEN_WAS,2026-12-06,20:20,DEN,WAS,3,era5,10.2,,,,pinnacle,43.5,-112.0,-108.0,,0.5045355587808416,,0.0878157665505227,no_trigger,,
2026-12-05T01:15:00Z,v3-2026-09-28,2025_13_NYG_NE,2026-12-07,20:15,NYG,NE,3,era5,5.0,,,,pinnacle,46.5,-105.0,-115.0,,0.4886557005104931,,0.12202380952380953,no_trigger,,
2026-12-08T01:15:00Z,v3-2026-09-28,2025_14_DAL_DET,2026-12-10,20:15,DAL,DET,3,indoor,,,,,pinnacle,55.5,-110.0,-110.0,,0.4999999999999999,,0.09714523281596454,not_outdoor,,
2026-12-10T18:00:00Z,v3-2026-09-28,2025_14_SEA_ATL,2026-12-13,13:00,SEA,ATL,3,indoor,,,,,pinnacle,44.5,-108.0,-112.0,,0.49546444121915795,,0.10682023486901537,not_outdoor,,
2026-12-10T18:00:00Z,v3-2026-09-28,2025_14_PIT_BAL,2026-12-13,13:00,PIT,BAL,3,era5,4.0,,,,pinnacle,43.5,-105.0,-115.0,,0.4886557005104931,,0.12202380952380953,no_trigger,,
2026-12-10T18:00:00Z,v3-2026-09-28,2025_14_CIN_BUF,2026-12-13,13:00,CIN,BUF,3,era5,6.4,,,,pinnacle,54.5,-108.0,-112.0,,0.49546444121915795,,0.10682023486901537,no_trigger,,
2026-12-10T18:00:00Z,v3-2026-09-28,2025_14_TEN_CLE,2026-12-13,13:00,TEN,CLE,3,era5,5.1,,,,pinnacle,33.5,-105.0,-115.0,,0.4886557005104931,,0.12202380952380953,no_trigger,,
2026-12-10T18:00:00Z,v3-2026-09-28,2025_14_IND_JAX,2026-12-13,13:00,IND,JAX,3,era5,3.9,,,,pinnacle,44.5,-105.0,-115.0,,0.4886557005104931,,0.12202380952380953,no_trigger,,
2026-12-10T18:00:00Z,v3-2026-09-28,2025_14_WAS_MIN,2026-12-13,13:00,WAS,MIN,3,indoor,,,,,pinnacle,43.5,-102.0,-118.0,,0.48183304568988966,,0.13812171209947388,not_outdoor,,
2026-12-10T18:00:00Z,v3-2026-09-28,2025_14_MIA_NYJ,2026-12-13,13:00,MIA,NYJ,3,era5,4.9,,,,pinnacle,41.5,-112.0,-108.0,,0.5045355587808416,,0.0878157665505227,no_trigger,,
2026-12-10T18:00:00Z,v3-2026-09-28,2025_14_NO_TB,2026-12-13,13:00,NO,TB,3,era5,12.2,,,,pinnacle,41.5,-105.0,-115.0,,0.4886557005104931,,0.12202380952380953,no_trigger,,
2026-12-10T21:05:00Z,v3-2026-09-28,2025_14_DEN_LV,2026-12-13,16:05,DEN,LV,3,indoor,,,,,pinnacle,40.5,-115.0,-105.0,,0.5113442994895061,,0.07443001060445387,not_outdoor,,
2026-12-10T21:25:00Z,v3-2026-09-28,2025_14_LA_ARI,2026-12-13,16:25,LA,ARI,3,indoor,,,,,pinnacle,49.5,-110.0,-110.0,,0.4999999999999999,,0.09714523281596454,not_outdoor,,
2026-12-10T21:25:00Z,v3-2026-09-28,2025_14_CHI_GB,2026-12-13,16:25,CHI,GB,3,era5,14.3,,,,pinnacle,44.5,-115.0,-105.0,,0.5113442994895061,,0.07443001060445387,no_trigger,,
2026-12-11T01:20:00Z,v3-2026-09-28,2025_14_HOU_KC,2026-12-13,20:20,HOU,KC,3,era5,11.2,,,,pinnacle,41.5,-110.0,-110.0,,0.4999999999999999,,0.09714523281596454,no_trigger,,
2026-12-12T01:15:00Z,v3-2026-09-28,2025_14_PHI_LAC,2026-12-14,20:15,PHI,LAC,3,indoor,,,,,pinnacle,41.5,-105.0,-115.0,,0.4886557005104931,,0.12202380952380953,not_outdoor,,
2026-12-15T01:15:00Z,v3-2026-09-28,2025_15_ATL_TB,2026-12-17,20:15,ATL,TB,3,era5,8.1,,,,pinnacle,43.5,-110.0,-110.0,,0.4999999999999999,,0.09714523281596454,no_trigger,,
2026-12-17T18:00:00Z,v3-2026-09-28,2025_15_CLE_CHI,2026-12-20,13:00,CLE,CHI,3,era5,9.1,,,,pinnacle,38.5,-115.0,-105.0,,0.5113442994895061,,0.07443001060445387,no_trigger,,
2026-12-17T18:00:00Z,v3-2026-09-28,2025_15_BAL_CIN,2026-12-20,13:00,BAL,CIN,3,era5,9.3,,,,pinnacle,51.5,-110.0,-110.0,,0.4999999999999999,,0.09714523281596454,no_trigger,,
2026-12-17T18:00:00Z,v3-2026-09-28,2025_15_ARI_HOU,2026-12-20,13:00,ARI,HOU,3,indoor,,,,,pinnacle,42.5,-112.0,-108.0,,0.5045355587808416,,0.0878157665505227,not_outdoor,,
2026-12-17T18:00:00Z,v3-2026-09-28,2025_15_NYJ_JAX,2026-12-20,13:00,NYJ,JAX,3,era5,9.8,,,,pinnacle,40.5,-115.0,-105.0,,0.5113442994895061,,0.07443001060445387,no_trigger,,
2026-12-17T18:00:00Z,v3-2026-09-28,2025_15_LAC_KC,2026-12-20,13:00,LAC,KC,3,era5,7.1,,,,pinnacle,41.5,-108.0,-112.0,,0.49546444121915795,,0.10682023486901537,no_trigger,,
2026-12-17T18:00:00Z,v3-2026-09-28,2025_15_BUF_NE,2026-12-20,13:00,BUF,NE,3,era5,9.8,,,,pinnacle,49.5,-105.0,-115.0,,0.4886557005104931,,0.12202380952380953,no_trigger,,
2026-12-17T18:00:00Z,v3-2026-09-28,2025_15_WAS_NYG,2026-12-20,13:00,WAS,NYG,3,era5,13.2,,,,pinnacle,46.5,-115.0,-105.0,,0.5113442994895061,,0.07443001060445387,no_trigger,,
2026-12-17T18:00:00Z,v3-2026-09-28,2025_15_LV_PHI,2026-12-20,13:00,LV,PHI,3,era5,12.2,,,,pinnacle,37.5,-118.0,-102.0,,0.5181669543101094,,0.06172488631665979,no_trigger,,
2026-12-17T21:25:00Z,v3-2026-09-28,2025_15_GB_DEN,2026-12-20,16:25,GB,DEN,3,era5,3.1,,,,pinnacle,42.5,-115.0,-105.0,,0.5113442994895061,,0.07443001060445387,no_trigger,,
2026-12-17T21:25:00Z,v3-2026-09-28,2025_15_DET_LA,2026-12-20,16:25,DET,LA,3,indoor,,,,,pinnacle,54.5,-105.0,-115.0,,0.4886557005104931,,0.12202380952380953,not_outdoor,,
2026-12-17T21:25:00Z,v3-2026-09-28,2025_15_CAR_NO,2026-12-20,16:25,CAR,NO,3,indoor,,,,,pinnacle,41.5,-108.0,-112.0,,0.49546444121915795,,0.10682023486901537,not_outdoor,,
2026-12-17T21:25:00Z,v3-2026-09-28,2025_15_IND_SEA,2026-12-20,16:25,IND,SEA,3,era5,7.3,,,,pinnacle,41.5,-108.0,-112.0,,0.49546444121915795,,0.10682023486901537,no_trigger,,
2026-12-17T21:25:00Z,v3-2026-09-28,2025_15_TEN_SF,2026-12-20,16:25,TEN,SF,3,era5,3.5,,,,pinnacle,44.5,-112.0,-108.0,,0.5045355587808416,,0.0878157665505227,no_trigger,,
2026-12-18T01:20:00Z,v3-2026-09-28,2025_15_MIN_DAL,2026-12-20,20:20,MIN,DAL,3,indoor,,,,,pinnacle,47.5,-102.0,-118.0,,0.48183304568988966,,0.13812171209947388,not_outdoor,,
2026-12-19T01:15:00Z,v3-2026-09-28,2025_15_MIA_PIT,2026-12-21,20:15,MIA,PIT,3,era5,9.7,,,,pinnacle,42.5,-105.0,-115.0,,0.4886557005104931,,0.12202380952380953,no_trigger,,
2026-12-22T01:15:00Z,v3-2026-09-28,2025_16_LA_SEA,2026-12-24,20:15,LA,SEA,3,era5,13.3,,,,pinnacle,42.5,-105.0,-115.0,,0.4886557005104931,,0.12202380952380953,no_trigger,,
2026-12-23T22:00:00Z,v3-2026-09-28,2025_16_PHI_WAS,2026-12-26,17:00,PHI,WAS,3,era5,8.3,,,,pinnacle,43.5,-110.0,-110.0,,0.4999999999999999,,0.09714523281596454,no_trigger,,
2026-12-24T01:20:00Z,v3-2026-09-28,2025_16_GB_CHI,2026-12-26,20:20,GB,CHI,3,era5,9.6,,,,pinnacle,45.5,-115.0,-105.0,,0.5113442994895061,,0.07443001060445387,no_trigger,,
2026-12-24T18:00:00Z,v3-2026-09-28,2025_16_TB_CAR,2026-12-27,13:00,TB,CAR,3,era5,5.7,,,,pinnacle,44.5,-108.0,-112.0,,0.49546444121915795,,0.10682023486901537,no_trigger,,
2026-12-24T18:00:00Z,v3-2026-09-28,2025_16_BUF_CLE,2026-12-27,13:00,BUF,CLE,3,era5,21.4,,,,pinnacle,41.5,-118.0,-102.0,,0.5181669543101094,,0.06172488631665979,price_too_high,,
2026-12-24T18:00:00Z,v3-2026-09-28,2025_16_LAC_DAL,2026-12-27,13:00,LAC,DAL,3,indoor,,,,,pinnacle,50.5,-102.0,-118.0,,0.48183304568988966,,0.13812171209947388,not_outdoor,,
2026-12-24T18:00:00Z,v3-2026-09-28,2025_16_CIN_MIA,2026-12-27,13:00,CIN,MIA,3,era5,12.2,,,,pinnacle,48.5,-112.0,-108.0,,0.5045355587808416,,0.0878157665505227,no_trigger,,
2026-12-24T18:00:00Z,v3-2026-09-28,2025_16_NYJ_NO,2026-12-27,13:00,NYJ,NO,3,indoor,,,,,pinnacle,39.5,-105.0,-115.0,,0.4886557005104931,,0.12202380952380953,not_outdoor,,
2026-12-24T18:00:00Z,v3-2026-09-28,2025_16_MIN_NYG,2026-12-27,13:00,MIN,NYG,3,era5,15.0,,,,pinnacle,41.5,-115.0,-105.0,,0.5113442994895061,,0.07443001060445387,SIGNAL,,
2026-12-24T18:00:00Z,v3-2026-09-28,2025_16_KC_TEN,2026-12-27,13:00,KC,TEN,3,era5,8.7,,,,pinnacle,37.5,-110.0,-110.0,,0.4999999999999999,,0.09714523281596454,no_trigger,,
2026-12-24T21:05:00Z,v3-2026-09-28,2025_16_ATL_ARI,2026-12-27,16:05,ATL,ARI,3,indoor,,,,,pinnacle,48.5,-105.0,-115.0,,0.4886557005104931,,0.12202380952380953,not_outdoor,,
2026-12-24T21:05:00Z,v3-2026-09-28,2025_16_JAX_DEN,2026-12-27,16:05,JAX,DEN,3,era5,3.5,,,,pinnacle,46.5,-108.0,-112.0,,0.49546444121915795,,0.10682023486901537,no_trigger,,
2026-12-24T21:25:00Z,v3-2026-09-28,2025_16_PIT_DET,2026-12-27,16:25,PIT,DET,3,indoor,,,,,pinnacle,52.5,-115.0,-105.0,,0.5113442994895061,,0.07443001060445387,not_outdoor,,
2026-12-24T21:25:00Z,v3-2026-09-28,2025_16_LV_HOU,2026-12-27,16:25,LV,HOU,3,indoor,,,,,pinnacle,39.5,-110.0,-110.0,,0.4999999999999999,,0.09714523281596454,not_outdoor,,
2026-12-25T01:20:00Z,v3-2026-09-28,2025_16_NE_BAL,2026-12-27,20:20,NE,BAL,3,era5,13.6,,,,pinnacle,48.5,-112.0,-108.0,,0.5045355587808416,,0.0878157665505227,no_trigger,,
2026-12-26T01:15:00Z,v3-2026-09-28,2025_16_SF_IND,2026-12-28,20:15,SF,IND,3,indoor,,,,,pinnacle,46.5,-118.0,-102.0,,0.5181669543101094,,0.06172488631665979,not_outdoor,,
2026-12-28T18:00:00Z,v3-2026-09-28,2025_17_DAL_WAS,2026-12-31,13:00,DAL,WAS,3,era5,9.7,,,,pinnacle,50.5,-108.0,-112.0,,0.49546444121915795,,0.10682023486901537,no_trigger,,
2026-12-28T21:30:00Z,v3-2026-09-28,2025_17_DET_MIN,2026-12-31,16:30,DET,MIN,3,indoor,,,,,pinnacle,45.5,-115.0,-105.0,,0.5113442994895061,,0.07443001060445387,not_outdoor,,
2026-12-29T01:15:00Z,v3-2026-09-28,2025_17_DEN_KC,2026-12-31,20:15,DEN,KC,3,era5,8.0,,,,pinnacle,37.5,100.0,-120.0,,0.47727272727272363,,0.14939024390243905,no_trigger,,
2026-12-30T21:30:00Z,v3-2026-09-28,2025_17_HOU_LAC,2027-01-02,16:30,HOU,LAC,3,indoor,,,,,pinnacle,40.5,-105.0,-115.0,,0.4886557005104931,,0.12202380952380953,not_outdoor,,
2026-12-31T01:00:00Z,v3-2026-09-28,2025_17_BAL_GB,2027-01-02,20:00,BAL,GB,3,era5,12.7,,,,pinnacle,38.5,-115.0,-105.0,,0.5113442994895061,,0.07443001060445387,no_trigger,,
2026-12-31T18:00:00Z,v3-2026-09-28,2025_17_SEA_CAR,2027-01-03,13:00,SEA,CAR,3,era5,5.5,,,,pinnacle,42.5,-110.0,-110.0,,0.4999999999999999,,0.09714523281596454,no_trigger,,
2026-12-31T18:00:00Z,v3-2026-09-28,2025_17_ARI_CIN,2027-01-03,13:00,ARI,CIN,3,era5,10.4,,,,pinnacle,52.5,-105.0,-115.0,,0.4886557005104931,,0.12202380952380953,no_trigger,,
2026-12-31T18:00:00Z,v3-2026-09-28,2025_17_PIT_CLE,2027-01-03,13:00,PIT,CLE,3,era5,13.3,,,,pinnacle,35.5,-112.0,-108.0,,0.5045355587808416,,0.0878157665505227,no_trigger,,
2026-12-31T18:00:00Z,v3-2026-09-28,2025_17_JAX_IND,2027-01-03,13:00,JAX,IND,3,indoor,,,,,pinnacle,48.5,-108.0,-112.0,,0.49546444121915795,,0.10682023486901537,not_outdoor,,
2026-12-31T18:00:00Z,v3-2026-09-28,2025_17_TB_MIA,2027-01-03,13:00,TB,MIA,3,era5,5.4,,,,pinnacle,44.5,-118.0,-102.0,,0.5181669543101094,,0.06172488631665979,no_trigger,,
2026-12-31T18:00:00Z,v3-2026-09-28,2025_17_NE_NYJ,2027-01-03,13:00,NE,NYJ,3,era5,4.7,,,,pinnacle,42.5,-112.0,-108.0,,0.5045355587808416,,0.0878157665505227,no_trigger,,
2026-12-31T18:00:00Z,v3-2026-09-28,2025_17_NO_TEN,2027-01-03,13:00,NO,TEN,3,era5,11.4,,,,pinnacle,39.5,-118.0,-102.0,,0.5181669543101094,,0.06172488631665979,no_trigger,,
2026-12-31T21:05:00Z,v3-2026-09-28,2025_17_NYG_LV,2027-01-03,16:05,NYG,LV,3,indoor,,,,,pinnacle,40.5,-112.0,-108.0,,0.5045355587808416,,0.0878157665505227,not_outdoor,,
2026-12-31T21:25:00Z,v3-2026-09-28,2025_17_PHI_BUF,2027-01-03,16:25,PHI,BUF,3,era5,5.9,,,,pinnacle,45.5,-115.0,-105.0,,0.5113442994895061,,0.07443001060445387,no_trigger,,
2027-01-01T01:20:00Z,v3-2026-09-28,2025_17_CHI_SF,2027-01-03,20:20,CHI,SF,3,era5,4.8,,,,pinnacle,51.5,-112.0,-108.0,,0.5045355587808416,,0.0878157665505227,no_trigger,,
2027-01-02T01:15:00Z,v3-2026-09-28,2025_17_LA_ATL,2027-01-04,20:15,LA,ATL,3,indoor,,,,,pinnacle,48.5,-105.0,-115.0,,0.4886557005104931,,0.12202380952380953,not_outdoor,,
2027-01-06T21:30:00Z,v3-2026-09-28,2025_18_CAR_TB,2027-01-09,16:30,CAR,TB,3,era5,17.9,,,,pinnacle,43.5,-118.0,-102.0,,0.5181669543101094,,0.06172488631665979,price_too_high,,
2027-01-07T01:00:00Z,v3-2026-09-28,2025_18_SEA_SF,2027-01-09,20:00,SEA,SF,3,era5,10.2,,,,pinnacle,47.5,-105.0,-115.0,,0.4886557005104931,,0.12202380952380953,no_trigger,,
2027-01-07T18:00:00Z,v3-2026-09-28,2025_18_NO_ATL,2027-01-10,13:00,NO,ATL,3,indoor,,,,,pinnacle,43.5,-112.0,-108.0,,0.5045355587808416,,0.0878157665505227,not_outdoor,,
2027-01-07T18:00:00Z,v3-2026-09-28,2025_18_CLE_CIN,2027-01-10,13:00,CLE,CIN,3,era5,4.7,,,,pinnacle,47.5,-118.0,-102.0,,0.5181669543101094,,0.06172488631665979,no_trigger,,
2027-01-07T18:00:00Z,v3-2026-09-28,2025_18_IND_HOU,2027-01-10,13:00,IND,HOU,3,indoor,,,,,pinnacle,37.5,-108.0,-112.0,,0.49546444121915795,,0.10682023486901537,not_outdoor,,
2027-01-07T18:00:00Z,v3-2026-09-28,2025_18_TEN_JAX,2027-01-10,13:00,TEN,JAX,3,era5,10.9,,,,pinnacle,46.5,-112.0,-108.0,,0.5045355587808416,,0.0878157665505227,no_trigger,,
2027-01-07T18:00:00Z,v3-2026-09-28,2025_18_GB_MIN,2027-01-10,13:00,GB,MIN,3,indoor,,,,,pinnacle,37.5,-118.0,-102.0,,0.5181669543101094,,0.06172488631665979,not_outdoor,,
2027-01-07T18:00:00Z,v3-2026-09-28,2025_18_DAL_NYG,2027-01-10,13:00,DAL,NYG,3,era5,11.6,,,,pinnacle,50.5,-115.0,-105.0,,0.5113442994895061,,0.07443001060445387,no_trigger,,
2027-01-07T21:25:00Z,v3-2026-09-28,2025_18_NYJ_BUF,2027-01-10,16:25,NYJ,BUF,3,era5,9.1,,,,pinnacle,39.5,-115.0,-105.0,,0.5113442994895061,,0.07443001060445387,no_trigger,,
2027-01-07T21:25:00Z,v3-2026-09-28,2025_18_DET_CHI,2027-01-10,16:25,DET,CHI,3,era5,4.5,,,,pinnacle,51.5,-115.0,-105.0,,0.5113442994895061,,0.07443001060445387,no_trigger,,
2027-01-07T21:25:00Z,v3-2026-09-28,2025_18_LAC_DEN,2027-01-10,16:25,LAC,DEN,3,era5,4.0,,,,pinnacle,37.5,-105.0,-115.0,,0.4886557005104931,,0.12202380952380953,no_trigger,,
2027-01-07T21:25:00Z,v3-2026-09-28,2025_18_ARI_LA,2027-01-10,16:25,ARI,LA,3,indoor,,,,,pinnacle,49.5,-108.0,-112.0,,0.49546444121915795,,0.10682023486901537,not_outdoor,,
2027-01-07T21:25:00Z,v3-2026-09-28,2025_18_KC_LV,2027-01-10,16:25,KC,LV,3,indoor,,,,,pinnacle,36.5,-118.0,-102.0,,0.5181669543101094,,0.06172488631665979,not_outdoor,,
2027-01-07T21:25:00Z,v3-2026-09-28,2025_18_MIA_NE,2027-01-10,16:25,MIA,NE,3,era5,9.3,,,,pinnacle,44.5,-112.0,-108.0,,0.5045355587808416,,0.0878157665505227,no_trigger,,
2027-01-07T21:25:00Z,v3-2026-09-28,2025_18_WAS_PHI,2027-01-10,16:25,WAS,PHI,3,era5,9.9,,,,pinnacle,38.5,-108.0,-112.0,,0.49546444121915795,,0.10682023486901537,no_trigger,,
2027-01-08T01:20:00Z,v3-2026-09-28,2025_18_BAL_PIT,2027-01-10,20:20,BAL,PIT,3,era5,4.7,,,,pinnacle,41.5,-110.0,-110.0,,0.4999999999999999,,0.09714523281596454,no_trigger,,
2026-10-08T00:15:00Z,v3-2026-09-28,2025_05_SF_LA,2026-10-08,20:15,SF,LA,1,indoor,,,,,pinnacle,43.5,-108.0,-112.0,,0.49546444121915795,,0.10682023486901537,not_outdoor,,
2026-10-10T13:30:00Z,v3-2026-09-28,2025_05_MIN_CLE,2026-10-11,09:30,MIN,CLE,1,era5,8.0,,,,pinnacle,35.5,-112.0,-108.0,,0.5045355587808416,,0.0878157665505227,no_trigger,,
2026-10-10T17:00:00Z,v3-2026-09-28,2025_05_HOU_BAL,2026-10-11,13:00,HOU,BAL,1,era5,6.2,,,,pinnacle,41.5,-115.0,-105.0,,0.5113442994895061,,0.07443001060445387,no_trigger,,
2026-10-10T17:00:00Z,v3-2026-09-28,2025_05_MIA_CAR,2026-10-11,13:00,MIA,CAR,1,era5,8.5,,,,pinnacle,44.5,-105.0,-115.0,,0.4886557005104931,,0.12202380952380953,no_trigger,,
2026-10-10T17:00:00Z,v3-2026-09-28,2025_05_LV_IND,2026-10-11,13:00,LV,IND,1,indoor,,,,,pinnacle,46.5,-108.0,-112.0,,0.49546444121915795,,0.10682023486901537,not_outdoor,,
2026-10-10T17:00:00Z,v3-2026-09-28,2025_05_NYG_NO,2026-10-11,13:00,NYG,NO,1,indoor,,,,,pinnacle,41.5,-105.0,-115.0,,0.4886557005104931,,0.12202380952380953,not_outdoor,,
2026-10-10T17:00:00Z,v3-2026-09-28,2025_05_DAL_NYJ,2026-10-11,13:00,DAL,NYJ,1,era5,4.1,,,,pinnacle,48.5,-110.0,-110.0,,0.4999999999999999,,0.09714523281596454,no_trigger,,
2026-10-10T17:00:00Z,v3-2026-09-28,2025_05_DEN_PHI,2026-10-11,13:00,DEN,PHI,1,era5,6.3,,,,pinnacle,44.5,-115.0,-105.0,,0.5113442994895061,,0.07443001060445387,no_trigger,,
2026-10-10T20:05:00Z,v3-2026-09-28,2025_05_TEN_ARI,2026-10-11,16:05,TEN,ARI,1,indoor,,,,,pinnacle,41.5,-110.0,-110.0,,0.4999999999999999,,0.09714523281596454,not_outdoor,,
2026-10-10T20:05:00Z,v3-2026-09-28,2025_05_TB_SEA,2026-10-11,16:05,TB,SEA,1,era5,10.8,,,,pinnacle,44.5,-110.0,-110.0,,0.4999999999999999,,0.09714523281596454,no_trigger,,
2026-10-10T20:25:00Z,v3-2026-09-28,2025_05_DET_CIN,2026-10-11,16:25,DET,CIN,1,era5,8.3,,,,pinnacle,49.5,-112.0,-108.0,,0.5045355587808416,,0.0878157665505227,no_trigger,,
2026-10-10T20:25:00Z,v3-2026-09-28,2025_05_WAS_LAC,2026-10-11,16:25,WAS,LAC,1,indoor,,,,,pinnacle,47.5,-115.0,-105.0,,0.5113442994895061,,0.07443001060445387,not_outdoor,,
2026-10-11T00:20:00Z,v3-2026-09-28,2025_05_NE_BUF,2026-10-11,20:20,NE,BUF,1,era5,6.1,,,,pinnacle,49.5,-108.0,-112.0,,0.49546444121915795,,0.10682023486901537,no_trigger,,
2026-10-12T00:15:00Z,v3-2026-09-28,2025_05_KC_JAX,2026-10-12,20:15,KC,JAX,1,era5,4.1,,,,pinnacle,45.5,-108.0,-112.0,,0.49546444121915795,,0.10682023486901537,no_trigger,,
2026-10-15T00:15:00Z,v3-2026-09-28,2025_06_PHI_NYG,2026-10-15,20:15,PHI,NYG,1,era5,7.2,,,,pinnacle,40.5,-105.0,-115.0,,0.4886557005104931,,0.12202380952380953,no_trigger,,
2026-10-17T13:30:00Z,v3-2026-09-28,2025_06_DEN_NYJ,2026-10-18,09:30,DEN,NYJ,1,era5,11.3,,,,pinnacle,43.5,-112.0,-108.0,,0.5045355587808416,,0.0878157665505227,no_trigger,,
2026-10-17T17:00:00Z,v3-2026-09-28,2025_06_LA_BAL,2026-10-18,13:00,LA,BAL,1,era5,14.8,,,,pinnacle,43.5,-108.0,-112.0,,0.49546444121915795,,0.10682023486901537,no_trigger,,
2026-10-17T17:00:00Z,v3-2026-09-28,2025_06_DAL_CAR,2026-10-18,13:00,DAL,CAR,1,era5,19.7,,,,pinnacle,47.5,-105.0,-115.0,,0.4886557005104931,,0.12202380952380953,SIGNAL,,
2026-10-17T17:00:00Z,v3-2026-09-28,2025_06_ARI_IND,2026-10-18,13:00,ARI,IND,1,indoor,,,,,pinnacle,46.5,-122.0,102.0,,0.5272500222995272,,0.04575669732107163,not_outdoor,,
2026-10-17T17:00:00Z,v3-2026-09-28,2025_06_SEA_JAX,2026-10-18,13:00,SEA,JAX,1,era5,9.8,,,,pinnacle,47.5,-115.0,-105.0,,0.5113442994895061,,0.07443001060445387,no_trigger,,
2026-10-17T17:00:00Z,v3-2026-09-28,2025_06_LAC_MIA,2026-10-18,13:00,LAC,MIA,1,era5,6.5,,,,pinnacle,45.5,-115.0,-105.0,,0.5113442994895061,,0.07443001060445387,no_trigger,,
2026-10-17T17:00:00Z,v3-2026-09-28,2025_06_NE_NO,2026-10-18,13:00,NE,NO,1,indoor,,,,,pinnacle,46.5,-115.0,-105.0,,0.5113442994895061,,0.07443001060445387,not_outdoor,,
2026-10-17T17:00:00Z,v3-2026-09-28,2025_06_CLE_PIT,2026-10-18,13:00,CLE,PIT,1,era5,12.7,,,,pinnacle,37.5,100.0,-120.0,,0.47727272727272363,,0.14939024390243905,no_trigger,,
2026-10-17T20:05:00Z,v3-2026-09-28,2025_06_TEN_LV,2026-10-18,16:05,TEN,LV,1,indoor,,,,,pinnacle,41.5,-105.0,-115.0,,0.4886557005104931,,0.12202380952380953,not_outdoor,,
2026-10-17T20:25:00Z,v3-2026-09-28,2025_06_CIN_GB,2026-10-18,16:25,CIN,GB,1,era5,12.3,,,,pinnacle,44.5,-110.0,-110.0,,0.4999999999999999,,0.09714523281596454,no_trigger,,
2026-10-17T20:25:00Z,v3-2026-09-28,2025_06_SF_TB,2026-10-18,16:25,SF,TB,1,era5,8.0,,,,pinnacle,46.5,-105.0,-115.0,,0.4886557005104931,,0.12202380952380953,no_trigger,,
2026-10-18T00:20:00Z,v3-2026-09-28,2025_06_DET_KC,2026-10-18,20:20,DET,KC,1,era5,9.8,,,,pinnacle,51.5,-105.0,-115.0,,0.4886557005104931,,0.12202380952380953,no_trigger,,
2026-10-18T23:15:00Z,v3-2026-09-28,2025_06_BUF_ATL,2026-10-19,19:15,BUF,ATL,1,indoor,,,,,pinnacle,49.5,-102.0,-118.0,,0.48183304568988966,,0.13812171209947388,not_outdoor,,
2026-10-19T00:15:00Z,v3-2026-09-28,2025_06_CHI_WAS,2026-10-19,20:15,CHI,WAS,1,era5,11.8,,,,pinnacle,49.5,-105.0,-115.0,,0.4886557005104931,,0.12202380952380953,no_trigger,,
2026-10-22T00:15:00Z,v3-2026-09-28,2025_07_PIT_CIN,2026-10-22,20:15,PIT,CIN,1,era5,5.5,,,,pinnacle,45.5,-115.0,-105.0,,0.5113442994895061,,0.07443001060445387,no_trigger,,
2026-10-24T13:30:00Z,v3-2026-09-28,2025_07_LA_JAX,2026-10-25,09:30,LA,JAX,1,era5,7.4,,,,pinnacle,44.5,-105.0,-115.0,,0.4886557005104931,,0.12202380952380953,no_trigger,,
2026-10-24T17:00:00Z,v3-2026-09-28,2025_07_NO_CHI,2026-10-25,13:00,NO,CHI,1,era5,14.6,,,,pinnacle,43.5,-110.0,-110.0,,0.4999999999999999,,0.09714523281596454,no_trigger,,
2026-10-24T17:00:00Z,v3-2026-09-28,2025_07_MIA_CLE,2026-10-25,13:00,MIA,CLE,1,era5,17.3,,,,pinnacle,34.5,-112.0,-108.0,,0.5045355587808416,,0.0878157665505227,SIGNAL,,
2026-10-24T17:00:00Z,v3-2026-09-28,2025_07_LV_KC,2026-10-25,13:00,LV,KC,1,era5,11.6,,,,pinnacle,44.5,-115.0,-105.0,,0.5113442994895061,,0.07443001060445387,no_trigger,,
2026-10-24T17:00:00Z,v3-2026-09-28,2025_07_PHI_MIN,2026-10-25,13:00,PHI,MIN,1,indoor,,,,,pinnacle,43.5,-105.0,-115.0,,0.4886557005104931,,0.12202380952380953,not_outdoor,,
2026-10-24T17:00:00Z,v3-2026-09-28,2025_07_CAR_NYJ,2026-10-25,13:00,CAR,NYJ,1,era5,15.5,,,,pinnacle,39.5,-102.0,-118.0,,0.48183304568988966,,0.13812171209947388,SIGNAL,,
2026-10-24T17:00:00Z,v3-2026-09-28,2025_07_NE_TEN,2026-10-25,13:00,NE,TEN,1,era5,13.1,,,,pinnacle,40.5,-108.0,-112.0,,0.49546444121915795,,0.10682023486901537,no_trigger,,
2026-10-24T20:05:00Z,v3-2026-09-28,2025_07_NYG_DEN,2026-10-25,16:05,NYG,DEN,1,era5,4.2,,,,pinnacle,39.5,-105.0,-115.0,,0.4886557005104931,,0.12202380952380953,no_trigger,,
2026-10-24T20:05:00Z,v3-2026-09-28,2025_07_IND_LAC,2026-10-25,16:05,IND,LAC,1,indoor,,,,,pinnacle,48.5,-110.0,-110.0,,0.4999999999999999,,0.09714523281596454,not_outdoor,,
2026-10-24T20:25:00Z,v3-2026-09-28,2025_07_GB_ARI,2026-10-25,16:25,GB,ARI,1,indoor,,,,,pinnacle,44.5,-110.0,-110.0,,0.4999999999999999,,0.09714523281596454,not_outdoor,,
2026-10-24T20:25:00Z,v3-2026-09-28,2025_07_WAS_DAL,2026-10-25,16:25,WAS,DAL,1,indoor,,,,,pinnacle,54.5,-108.0,-112.0,,0.49546444121915795,,0.10682023486901537,not_outdoor,,
2026-10-25T00:20:00Z,v3-2026-09-28,2025_07_ATL_SF,2026-10-25,20:20,ATL,SF,1,era5,6.7,,,,pinnacle,46.5,-112.0,-108.0,,0.5045355587808416,,0.0878157665505227,no_trigger,,
2026-10-25T23:00:00Z,v3-2026-09-28,2025_07_TB_DET,2026-10-26,19:00,TB,DET,1,indoor,,,,,pinnacle,54.5,-115.0,-105.0,,0.5113442994895061,,0.07443001060445387,not_outdoor,,
2026-10-26T02:00:00Z,v3-2026-09-28,2025_07_HOU_SEA,2026-10-26,22:00,HOU,SEA,1,era5,4.7,,,,pinnacle,41.5,-110.0,-110.0,,0.4999999999999999,,0.09714523281596454,no_trigger,,
2026-10-29T00:15:00Z,v3-2026-09-28,2025_08_MIN_LAC,2026-10-29,20:15,MIN,LAC,1,indoor,,,,,pinnacle,45.5,-110.0,-110.0,,0.4999999999999999,,0.09714523281596454,not_outdoor,,
2026-10-31T17:00:00Z,v3-2026-09-28,2025_08_MIA_ATL,2026-11-01,13:00,MIA,ATL,1,indoor,,,,,pinnacle,44.5,-115.0,-105.0,,0.5113442994895061,,0.07443001060445387,not_outdoor,,
2026-10-31T17:00:00Z,v3-2026-09-28,2025_08_CHI_BAL,2026-11-01,13:00,CHI,BAL,1,era5,3.4,,,,pinnacle,45.5,-112.0,-108.0,,0.5045355587808416,,0.0878157665505227,no_trigger,,
2026-10-31T17:00:00Z,v3-2026-09-28,2025_08_BUF_CAR,2026-11-01,13:00,BUF,CAR,1,era5,8.2,,,,pinnacle,47.5,-108.0,-112.0,,0.49546444121915795,,0.10682023486901537,no_trigger,,
2026-10-31T17:00:00Z,v3-2026-09-28,2025_08_NYJ_CIN,2026-11-01,13:00,NYJ,CIN,1,era5,9.2,,,,pinnacle,43.5,-102.0,-118.0,,0.48183304568988966,,0.13812171209947388,no_trigger,,
2026-10-31T17:00:00Z,v3-2026-09-28,2025_08_SF_HOU,2026-11-01,13:00,SF,HOU,1,indoor,,,,,pinnacle,41.5,-112.0,-108.0,,0.5045355587808416,,0.0878157665505227,not_outdoor,,
2026-10-31T17:00:00Z,v3-2026-09-28,2025_08_CLE_NE,2026-11-01,13:00,CLE,NE,1,era5,7.8,,,,pinnacle,40.5,-115.0,-105.0,,0.5113442994895061,,0.07443001060445387,no_trigger,,
2026-10-31T17:00:00Z,v3-2026-09-28,2025_08_NYG_PHI,2026-11-01,13:00,NYG,PHI,1,era5,4.6,,,,pinnacle,43.5,-108.0,-112.0,,0.49546444121915795,,0.10682023486901537,no_trigger,,
2026-10-31T20:05:00Z,v3-2026-09-28,2025_08_TB_NO,2026-11-01,16:05,TB,NO,1,indoor,,,,,pinnacle,46.5,-110.0,-110.0,,0.4999999999999999,,0.09714523281596454,not_outdoor,,
2026-10-31T20:25:00Z,v3-2026-09-28,2025_08_DAL_DEN,2026-11-01,16:25,DAL,DEN,1,era5,4.7,,,,pinnacle,51.5,-110.0,-110.0,,0.4999999999999999,,0.09714523281596454,no_trigger,,
2026-10-31T20:25:00Z,v3-2026-09-28,2025_08_TEN_IND,2026-11-01,16:25,TEN,IND,1,indoor,,,,,pinnacle,47.5,-102.0,-118.0,,0.48183304568988966,,0.13812171209947388,not_outdoor,,
2026-11-01T00:20:00Z,v3-2026-09-28,2025_08_GB_PIT,2026-11-01,20:20,GB,PIT,1,era5,5.3,,,,pinnacle,46.5,-115.0,-105.0,,0.5113442994895061,,0.07443001060445387,no_trigger,,
2026-11-02T00:15:00Z,v3-2026-09-28,2025_08_WAS_KC,2026-11-02,20:15,WAS,KC,1,era5,6.6,,,,pinnacle,48.5,-115.0,-105.0,,0.5113442994895061,,0.07443001060445387,no_trigger,,
2026-11-05T00:15:00Z,v3-2026-09-28,2025_09_BAL_MIA,2026-11-05,20:15,BAL,MIA,1,era5,5.0,,,,pinnacle,51.5,-110.0,-110.0,,0.4999999999999999,,0.09714523281596454,no_trigger,,
2026-11-07T18:00:00Z,v3-2026-09-28,2025_09_CHI_CIN,2026-11-08,13:00,CHI,CIN,1,era5,3.9,,,,pinnacle,51.5,-108.0,-112.0,,0.49546444121915795,,0.10682023486901537,no_trigger,,
2026-11-07T18:00:00Z,v3-2026-09-28,2025_09_MIN_DET,2026-11-08,13:00,MIN,DET,1,indoor,,,,,pinnacle,47.5,-105.0,-115.0,,0.4886557005104931,,0.12202380952380953,not_outdoor,,
2026-11-07T18:00:00Z,v3-2026-09-28,2025_09_CAR_GB,2026-11-08,13:00,CAR,GB,1,era5,14.8,,,,pinnacle,43.5,-115.0,-105.0,,0.5113442994895061,,0.07443001060445387,no_trigger,,
2026-11-07T18:00:00Z,v3-2026-09-28,2025_09_DEN_HOU,2026-11-08,13:00,DEN,HOU,1,indoor,,,,,pinnacle,40.5,-105.0,-115.0,,0.4886557005104931,,0.12202380952380953,not_outdoor,,
2026-11-07T18:00:00Z,v3-2026-09-28,2025_09_ATL_NE,2026-11-08,13:00,ATL,NE,1,era5,10.5,,,,pinnacle,45.5,-112.0,-108.0,,0.5045355587808416,,0.0878157665505227,no_trigger,,
2026-11-07T18:00:00Z,v3-2026-09-28,2025_09_SF_NYG,2026-11-08,13:00,SF,NYG,1,era5,6.6,,,,pinnacle,47.5,-108.0,-112.0,,0.49546444121915795,,0.10682023486901537,no_trigger,,
2026-11-07T18:00:00Z,v3-2026-09-28,2025_09_IND_PIT,2026-11-08,13:00,IND,PIT,1,era5,3.7,,,,pinnacle,51.5,-105.0,-115.0,,0.4886557005104931,,0.12202380952380953,no_trigger,,
2026-11-07T18:00:00Z,v3-2026-09-28,2025_09_LAC_TEN,2026-11-08,13:00,LAC,TEN,1,era5,5.5,,,,pinnacle,44.5,-110.0,-110.0,,0.4999999999999999,,0.09714523281596454,no_trigger,,
2026-11-07T21:05:00Z,v3-2026-09-28,2025_09_NO_LA,2026-11-08,16:05,NO,LA,1,indoor,,,,,pinnacle,44.5,-105.0,-115.0,,0.4886557005104931,,0.12202380952380953,not_outdoor,,
2026-11-07T21:05:00Z,v3-2026-09-28,2025_09_JAX_LV,2026-11-08,16:05,JAX,LV,1,indoor,,,,,pinnacle,43.5,-105.0,-115.0,,0.4886557005104931,,0.12202380952380953,not_outdoor,,
2026-11-07T21:25:00Z,v3-2026-09-28,2025_09_KC_BUF,2026-11-08,16:25,KC,BUF,1,era5,9.5,,,,pinnacle,53.5,-115.0,-105.0,,0.5113442994895061,,0.07443001060445387,no_trigger,,
2026-11-08T01:20:00Z,v3-2026-09-28,2025_09_SEA_WAS,2026-11-08,20:20,SEA,WAS,1,era5,5.9,,,,pinnacle,47.5,-115.0,-105.0,,0.5113442994895061,,0.07443001060445387,no_trigger,,
2026-11-09T01:15:00Z,v3-2026-09-28,2025_09_ARI_DAL,2026-11-09,20:15,ARI,DAL,1,indoor,,,,,pinnacle,53.5,-105.0,-115.0,,0.4886557005104931,,0.12202380952380953,not_outdoor,,
2026-11-12T01:15:00Z,v3-2026-09-28,2025_10_LV_DEN,2026-11-12,20:15,LV,DEN,1,era5,11.6,,,,pinnacle,42.5,-110.0,-110.0,,0.4999999999999999,,0.09714523281596454,no_trigger,,
2026-11-14T14:30:00Z,v3-2026-09-28,2025_10_ATL_IND,2026-11-15,09:30,ATL,IND,1,indoor,,,,,pinnacle,48.5,-112.0,-108.0,,0.5045355587808416,,0.0878157665505227,not_outdoor,,
2026-11-14T18:00:00Z,v3-2026-09-28,2025_10_NO_CAR,2026-11-15,13:00,NO,CAR,1,era5,14.6,,,,pinnacle,38.5,-105.0,-115.0,,0.4886557005104931,,0.12202380952380953,no_trigger,,
2026-11-14T18:00:00Z,v3-2026-09-28,2025_10_NYG_CHI,2026-11-15,13:00,NYG,CHI,1,era5,16.6,,,,pinnacle,45.5,-112.0,-108.0,,0.5045355587808416,,0.0878157665505227,SIGNAL,,
2026-11-14T18:00:00Z,v3-2026-09-28,2025_10_JAX_HOU,2026-11-15,13:00,JAX,HOU,1,indoor,,,,,pinnacle,37.5,-112.0,-108.0,,0.5045355587808416,,0.0878157665505227,not_outdoor,,
2026-11-14T18:00:00Z,v3-2026-09-28,2025_10_BUF_MIA,2026-11-15,13:00,BUF,MIA,1,era5,5.9,,,,pinnacle,50.5,-115.0,-105.0,,0.5113442994895061,,0.07443001060445387,no_trigger,,
2026-11-14T18:00:00Z,v3-2026-09-28,2025_10_BAL_MIN,2026-11-15,13:00,BAL,MIN,1,indoor,,,,,pinnacle,48.5,-105.0,-115.0,,0.4886557005104931,,0.12202380952380953,not_outdoor,,
2026-11-14T18:00:00Z,v3-2026-09-28,2025_10_CLE_NYJ,2026-11-15,13:00,CLE,NYJ,1,era5,12.1,,,,pinnacle,37.5,-115.0,-105.0,,0.5113442994895061,,0.07443001060445387,no_trigger,,
2026-11-14T18:00:00Z,v3-2026-09-28,2025_10_NE_TB,2026-11-15,13:00,NE,TB,1,era5,7.4,,,,pinnacle,48.5,-105.0,-115.0,,0.4886557005104931,,0.12202380952380953,no_trigger,,
2026-11-14T21:05:00Z,v3-2026-09-28,2025_10_ARI_SEA,2026-11-15,16:05,ARI,SEA,1,era5,4.7,,,,pinnacle,44.5,-102.0,-118.0,,0.48183304568988966,,0.13812171209947388,no_trigger,,
2026-11-14T21:25:00Z,v3-2026-09-28,2025_10_LA_SF,2026-11-15,16:25,LA,SF,1,era5,4.6,,,,pinnacle,49.5,-110.0,-110.0,,0.4999999999999999,,0.09714523281596454,no_trigger,,
2026-11-14T21:25:00Z,v3-2026-09-28,2025_10_DET_WAS,2026-11-15,16:25,DET,WAS,1,era5,10.5,,,,pinnacle,49.5,-112.0,-108.0,,0.5045355587808416,,0.0878157665505227,no_trigger,,
2026-11-15T01:20:00Z,v3-2026-09-28,2025_10_PIT_LAC,2026-11-15,20:20,PIT,LAC,1,indoor,,,,,pinnacle,45.5,-115.0,-105.0,,0.5113442994895061,,0.07443001060445387,not_outdoor,,
2026-11-16T01:15:00Z,v3-2026-09-28,2025_10_PHI_GB,2026-11-16,20:15,PHI,GB,1,era5,9.5,,,,pinnacle,45.5,-108.0,-112.0,,0.49546444121915795,,0.10682023486901537,no_trigger,,
2026-11-19T01:15:00Z,v3-2026-09-28,2025_11_NYJ_NE,2026-11-19,20:15,NYJ,NE,1,era5,8.5,,,,pinnacle,43.5,-115.0,-105.0,,0.5113442994895061,,0.07443001060445387,no_trigger,,
2026-11-21T14:30:00Z,v3-2026-09-28,2025_11_WAS_MIA,2026-11-22,09:30,WAS,MIA,1,era5,4.4,,,,pinnacle,47.5,-110.0,-110.0,,0.4999999999999999,,0.09714523281596454,no_trigger,,
2026-11-21T18:00:00Z,v3-2026-09-28,2025_11_CAR_ATL,2026-11-22,13:00,CAR,ATL,1,indoor,,,,,pinnacle,42.5,-110.0,-110.0,,0.4999999999999999,,0.09714523281596454,not_outdoor,,
2026-11-21T18:00:00Z,v3-2026-09-28,2025_11_TB_BUF,2026-11-22,13:00,TB,BUF,1,era5,17.3,,,,pinnacle,46.5,-112.0,-108.0,,0.5045355587808416,,0.0878157665505227,SIGNAL,,
2026-11-21T18:00:00Z,v3-2026-09-28,2025_11_LAC_JAX,2026-11-22,13:00,LAC,JAX,1,era5,13.8,,,,pinnacle,43.5,-110.0,-110.0,,0.4999999999999999,,0.09714523281596454,no_trigger,,
2026-11-21T18:00:00Z,v3-2026-09-28,2025_11_CHI_MIN,2026-11-22,13:00,CHI,MIN,1,indoor,,,,,pinnacle,47.5,-102.0,-118.0,,0.48183304568988966,,0.13812171209947388,not_outdoor,,
2026-11-21T18:00:00Z,v3-2026-09-28,2025_11_GB_NYG,2026-11-22,13:00,GB,NYG,1,era5,18.5,,,,pinnacle,41.5,-110.0,-110.0,,0.4999999999999999,,0.09714523281596454,SIGNAL,,
2026-11-21T18:00:00Z,v3-2026-09-28,2025_11_CIN_PIT,2026-11-22,13:00,CIN,PIT,1,era5,17.0,,,,pinnacle,48.5,-110.0,-110.0,,0.4999999999999999,,0.09714523281596454,SIGNAL,,
2026-11-21T18:00:00Z,v3-2026-09-28,2025_11_HOU_TEN,2026-11-22,13:00,HOU,TEN,1,era5,10.2,,,,pinnacle,37.5,-118.0,-102.0,,0.5181669543101094,,0.06172488631665979,no_trigger,,
2026-11-21T21:05:00Z,v3-2026-09-28,2025_11_SF_ARI,2026-11-22,16:05,SF,ARI,1,indoor,,,,,pinnacle,48.5,-112.0,-108.0,,0.5045355587808416,,0.0878157665505227,not_outdoor,,
2026-11-21T21:05:00Z,v3-2026-09-28,2025_11_SEA_LA,2026-11-22,16:05,SEA,LA,1,indoor,,,,,pinnacle,49.5,-105.0,-115.0,,0.4886557005104931,,0.12202380952380953,not_outdoor,,
2026-11-21T21:25:00Z,v3-2026-09-28,2025_11_BAL_CLE,2026-11-22,16:25,BAL,CLE,1,era5,23.0,,,,pinnacle,37.5,-105.0,-115.0,,0.4886557005104931,,0.12202380952380953,SIGNAL,,
2026-11-21T21:25:00Z,v3-2026-09-28,2025_11_KC_DEN,2026-11-22,16:25,KC,DEN,1,era5,5.7,,,,pinnacle,44.5,-110.0,-110.0,,0.4999999999999999,,0.09714523281596454,no_trigger,,
2026-11-22T01:20:00Z,v3-2026-09-28,2025_11_DET_PHI,2026-11-22,20:20,DET,PHI,1,era5,15.6,,,,pinnacle,46.5,-108.0,-112.0,,0.49546444121915795,,0.10682023486901537,SIGNAL,,
2026-11-23T01:15:00Z,v3-2026-09-28,2025_11_DAL_LV,2026-11-23,20:15,DAL,LV,1,indoor,,,,,pinnacle,48.5,-115.0,-105.0,,0.5113442994895061,,0.07443001060445387,not_outdoor,,
2026-11-26T01:15:00Z,v3-2026-09-28,2025_12_BUF_HOU,2026-11-26,20:15,BUF,HOU,1,indoor,,,,,pinnacle,43.5,-105.0,-115.0,,0.4886557005104931,,0.12202380952380953,not_outdoor,,
2026-11-28T18:00:00Z,v3-2026-09-28,2025_12_NYJ_BAL,2026-11-29,13:00,NYJ,BAL,1,era5,6.9,,,,pinnacle,44.5,-102.0,-118.0,,0.48183304568988966,,0.13812171209947388,no_trigger,,
2026-11-28T18:00:00Z,v3-2026-09-28,2025_12_PIT_CHI,2026-11-29,13:00,PIT,CHI,1,era5,8.5,,,,pinnacle,46.5,-108.0,-112.0,,0.49546444121915795,,0.10682023486901537,no_trigger,,
2026-11-28T18:00:00Z,v3-2026-09-28,2025_12_NE_CIN,2026-11-29,13:00,NE,CIN,1,era5,8.2,,,,pinnacle,50.5,-102.0,-118.0,,0.48183304568988966,,0.13812171209947388,no_trigger,,
2026-11-28T18:00:00Z,v3-2026-09-28,2025_12_NYG_DET,2026-11-29,13:00,NYG,DET,1,indoor,,,,,pinnacle,50.5,100.0,-120.0,,0.47727272727272363,,0.14939024390243905,not_outdoor,,
2026-11-28T18:00:00Z,v3-2026-09-28,2025_12_MIN_GB,2026-11-29,13:00,MIN,GB,1,era5,10.1,,,,pinnacle,41.5,-112.0,-108.0,,0.5045355587808416,,0.0878157665505227,no_trigger,,
2026-11-28T18:00:00Z,v3-2026-09-28,2025_12_IND_KC,2026-11-29,13:00,IND,KC,1,era5,5.9,,,,pinnacle,50.5,-112.0,-108.0,,0.5045355587808416,,0.0878157665505227,no_trigger,,
2026-11-28T18:00:00Z,v3-2026-09-28,2025_12_SEA_TEN,2026-11-29,13:00,SEA,TEN,1,era5,6.7,,,,pinnacle,41.5,-110.0,-110.0,,0.4999999999999999,,0.09714523281596454,no_trigger,,
2026-11-28T21:05:00Z,v3-2026-09-28,2025_12_JAX_ARI,2026-11-29,16:05,JAX,ARI,1,indoor,,,,,pinnacle,47.5,-115.0,-105.0,,0.5113442994895061,,0.07443001060445387,not_outdoor,,
2026-11-28T21:05:00Z,v3-2026-09-28,2025_12_CLE_LV,2026-11-29,16:05,CLE,LV,1,indoor,,,,,pinnacle,35.5,-102.0,-118.0,,0.48183304568988966,,0.13812171209947388,not_outdoor,,
2026-11-28T21:25:00Z,v3-2026-09-28,2025_12_PHI_DAL,2026-11-29,16:25,PHI,DAL,1,indoor,,,,,pinnacle,47.5,100.0,-120.0,,0.47727272727272363,,0.14939024390243905,not_outdoor,,
2026-11-28T21:25:00Z,v3-2026-09-28,2025_12_ATL_NO,2026-11-29,16:25,ATL,NO,1,indoor,,,,,pinnacle,41.5,-118.0,-102.0,,0.5181669543101094,,0.06172488631665979,not_outdoor,,
2026-11-29T01:20:00Z,v3-2026-09-28,2025_12_TB_LA,2026-11-29,20:20,TB,LA,1,indoor,,,,,pinnacle,49.5,100.0,-120.0,,0.47727272727272363,,0.14939024390243905,not_outdoor,,
2026-11-30T01:15:00Z,v3-2026-09-28,2025_12_CAR_SF,2026-11-30,20:15,CAR,SF,1,era5,7.7,,,,pinnacle,48.5,-105.0,-115.0,,0.4886557005104931,,0.12202380952380953,no_trigger,,
2026-12-02T18:00:00Z,v3-2026-09-28,2025_13_GB_DET,2026-12-03,13:00,GB,DET,1,indoor,,,,,pinnacle,48.5,-110.0,-110.0,,0.4999999999999999,,0.09714523281596454,not_outdoor,,
2026-12-02T21:30:00Z,v3-2026-09-28,2025_13_KC_DAL,2026-12-03,16:30,KC,DAL,1,indoor,,,,,pinnacle,53.5,-110.0,-110.0,,0.4999999999999999,,0.09714523281596454,not_outdoor,,
2026-12-03T01:20:00Z,v3-2026-09-28,2025_13_CIN_BAL,2026-12-03,20:20,CIN,BAL,1,era5,6.6,,,,pinnacle,52.5,-115.0,-105.0,,0.5113442994895061,,0.07443001060445387,no_trigger,,
2026-12-03T20:00:00Z,v3-2026-09-28,2025_13_CHI_PHI,2026-12-04,15:00,CHI,PHI,1,era5,15.7,,,,pinnacle,43.5,-115.0,-105.0,,0.5113442994895061,,0.07443001060445387,SIGNAL,,
2026-12-05T18:00:00Z,v3-2026-09-28,2025_13_LA_CAR,2026-12-06,13:00,LA,CAR,1,era5,7.0,,,,pinnacle,44.5,-105.0,-115.0,,0.4886557005104931,,0.12202380952380953,no_trigger,,
2026-12-05T18:00:00Z,v3-2026-09-28,2025_13_SF_CLE,2026-12-06,13:00,SF,CLE,1,era5,23.3,,,,pinnacle,35.5,-112.0,-108.0,,0.5045355587808416,,0.0878157665505227,SIGNAL,,
2026-12-05T18:00:00Z,v3-2026-09-28,2025_13_HOU_IND,2026-12-06,13:00,HOU,IND,1,indoor,,,,,pinnacle,44.5,-112.0,-108.0,,0.5045355587808416,,0.0878157665505227,not_outdoor,,
2026-12-05T18:00:00Z,v3-2026-09-28,2025_13_NO_MIA,2026-12-06,13:00,NO,MIA,1,era5,14.0,,,,pinnacle,41.5,-105.0,-115.0,,0.4886557005104931,,0.12202380952380953,no_trigger,,
2026-12-05T18:00:00Z,v3-2026-09-28,2025_13_ATL_NYJ,2026-12-06,13:00,ATL,NYJ,1,era5,9.3,,,,pinnacle,38.5,-105.0,-115.0,,0.4886557005104931,,0.12202380952380953,no_trigger,,
2026-12-05T18:00:00Z,v3-2026-09-28,2025_13_ARI_TB,2026-12-06,13:00,ARI,TB,1,era5,9.4,,,,pinnacle,44.5,-108.0,-112.0,,0.49546444121915795,,0.10682023486901537,no_trigger,,
2026-12-05T18:00:00Z,v3-2026-09-28,2025_13_JAX_TEN,2026-12-06,13:00,JAX,TEN,1,era5,10.7,,,,pinnacle,42.5,-105.0,-115.0,,0.4886557005104931,,0.12202380952380953,no_trigger,,
2026-12-05T21:05:00Z,v3-2026-09-28,2025_13_MIN_SEA,2026-12-06,16:05,MIN,SEA,1,era5,3.7,,,,pinnacle,42.5,-110.0,-110.0,,0.4999999999999999,,0.09714523281596454,no_trigger,,
2026-12-05T21:25:00Z,v3-2026-09-28,2025_13_LV_LAC,2026-12-06,16:25,LV,LAC,1,indoor,,,,,pinnacle,40.5,-108.0,-112.0,,0.49546444121915795,,0.10682023486901537,not_outdoor,,
2026-12-05T21:25:00Z,v3-2026-09-28,2025_13_BUF_PIT,2026-12-06,16:25,BUF,PIT,1,era5,17.0,,,,pinnacle,44.5,-112.0,-108.0,,0.5045355587808416,,0.0878157665505227,SIGNAL,,
2026-12-06T01:20:00Z,v3-2026-09-28,2025_13_DEN_WAS,2026-12-06,20:20,DEN,WAS,1,era5,7.8,,,,pinnacle,43.5,-112.0,-108.0,,0.5045355587808416,,0.0878157665505227,no_trigger,,
2026-12-07T01:15:00Z,v3-2026-09-28,2025_13_NYG_NE,2026-12-07,20:15,NYG,NE,1,era5,7.5,,,,pinnacle,46.5,-105.0,-115.0,,0.4886557005104931,,0.12202380952380953,no_trigger,,
2026-12-10T01:15:00Z,v3-2026-09-28,2025_14_DAL_DET,2026-12-10,20:15,DAL,DET,1,indoor,,,,,pinnacle,55.5,-110.0,-110.0,,0.4999999999999999,,0.09714523281596454,not_outdoor,,
2026-12-12T18:00:00Z,v3-2026-09-28,2025_14_SEA_ATL,2026-12-13,13:00,SEA,ATL,1,indoor,,,,,pinnacle,44.5,-108.0,-112.0,,0.49546444121915795,,0.10682023486901537,not_outdoor,,
2026-12-12T18:00:00Z,v3-2026-09-28,2025_14_PIT_BAL,2026-12-13,13:00,PIT,BAL,1,era5,4.0,,,,pinnacle,43.5,-105.0,-115.0,,0.4886557005104931,,0.12202380952380953,no_trigger,,
2026-12-12T18:00:00Z,v3-2026-09-28,2025_14_CIN_BUF,2026-12-13,13:00,CIN,BUF,1,era5,3.0,,,,pinnacle,54.5,-108.0,-112.0,,0.49546444121915795,,0.10682023486901537,no_trigger,,
2026-12-12T18:00:00Z,v3-2026-09-28,2025_14_TEN_CLE,2026-12-13,13:00,TEN,CLE,1,era5,5.5,,,,pinnacle,33.5,-105.0,-115.0,,0.4886557005104931,,0.12202380952380953,no_trigger,,
2026-12-12T18:00:00Z,v3-2026-09-28,2025_14_IND_JAX,2026-12-13,13:00,IND,JAX,1,era5,3.8,,,,pinnacle,44.5,-105.0,-115.0,,0.4886557005104931,,0.12202380952380953,no_trigger,,
2026-12-12T18:00:00Z,v3-2026-09-28,2025_14_WAS_MIN,2026-12-13,13:00,WAS,MIN,1,indoor,,,,,pinnacle,43.5,-102.0,-118.0,,0.48183304568988966,,0.13812171209947388,not_outdoor,,
2026-12-12T18:00:00Z,v3-2026-09-28,2025_14_MIA_NYJ,2026-12-13,13:00,MIA,NYJ,1,era5,2.3,,,,pinnacle,41.5,-112.0,-108.0,,0.5045355587808416,,0.0878157665505227,no_trigger,,
2026-12-12T18:00:00Z,v3-2026-09-28,2025_14_NO_TB,2026-12-13,13:00,NO,TB,1,era5,14.8,,,,pinnacle,41.5,-105.0,-115.0,,0.4886557005104931,,0.12202380952380953,no_trigger,,
2026-12-12T21:05:00Z,v3-2026-09-28,2025_14_DEN_LV,2026-12-13,16:05,DEN,LV,1,indoor,,,,,pinnacle,40.5,-115.0,-105.0,,0.5113442994895061,,0.07443001060445387,not_outdoor,,
2026-12-12T21:25:00Z,v3-2026-09-28,2025_14_LA_ARI,2026-12-13,16:25,LA,ARI,1,indoor,,,,,pinnacle,49.5,-110.0,-110.0,,0.4999999999999999,,0.09714523281596454,not_outdoor,,
2026-12-12T21:25:00Z,v3-2026-09-28,2025_14_CHI_GB,2026-12-13,16:25,CHI,GB,1,era5,10.5,,,,pinnacle,44.5,-115.0,-105.0,,0.5113442994895061,,0.07443001060445387,no_trigger,,
2026-12-13T01:20:00Z,v3-2026-09-28,2025_14_HOU_KC,2026-12-13,20:20,HOU,KC,1,era5,9.2,,,,pinnacle,41.5,-110.0,-110.0,,0.4999999999999999,,0.09714523281596454,no_trigger,,
2026-12-14T01:15:00Z,v3-2026-09-28,2025_14_PHI_LAC,2026-12-14,20:15,PHI,LAC,1,indoor,,,,,pinnacle,41.5,-105.0,-115.0,,0.4886557005104931,,0.12202380952380953,not_outdoor,,
2026-12-17T01:15:00Z,v3-2026-09-28,2025_15_ATL_TB,2026-12-17,20:15,ATL,TB,1,era5,5.2,,,,pinnacle,43.5,-110.0,-110.0,,0.4999999999999999,,0.09714523281596454,no_trigger,,
2026-12-19T18:00:00Z,v3-2026-09-28,2025_15_CLE_CHI,2026-12-20,13:00,CLE,CHI,1,era5,9.1,,,,pinnacle,38.5,-115.0,-105.0,,0.5113442994895061,,0.07443001060445387,no_trigger,,
2026-12-19T18:00:00Z,v3-2026-09-28,2025_15_BAL_CIN,2026-12-20,13:00,BAL,CIN,1,era5,11.4,,,,pinnacle,51.5,-110.0,-110.0,,0.4999999999999999,,0.09714523281596454,no_trigger,,
2026-12-19T18:00:00Z,v3-2026-09-28,2025_15_ARI_HOU,2026-12-20,13:00,ARI,HOU,1,indoor,,,,,pinnacle,42.5,-112.0,-108.0,,0.5045355587808416,,0.0878157665505227,not_outdoor,,
2026-12-19T18:00:00Z,v3-2026-09-28,2025_15_NYJ_JAX,2026-12-20,13:00,NYJ,JAX,1,era5,10.8,,,,pinnacle,40.5,-115.0,-105.0,,0.5113442994895061,,0.07443001060445387,no_trigger,,
2026-12-19T18:00:00Z,v3-2026-09-28,2025_15_LAC_KC,2026-12-20,13:00,LAC,KC,1,era5,2.2,,,,pinnacle,41.5,-108.0,-112.0,,0.49546444121915795,,0.10682023486901537,no_trigger,,
2026-12-19T18:00:00Z,v3-2026-09-28,2025_15_BUF_NE,2026-12-20,13:00,BUF,NE,1,era5,9.9,,,,pinnacle,49.5,-105.0,-115.0,,0.4886557005104931,,0.12202380952380953,no_trigger,,
2026-12-19T18:00:00Z,v3-2026-09-28,2025_15_WAS_NYG,2026-12-20,13:00,WAS,NYG,1,era5,12.4,,,,pinnacle,46.5,-115.0,-105.0,,0.5113442994895061,,0.07443001060445387,no_trigger,,
2026-12-19T18:00:00Z,v3-2026-09-28,2025_15_LV_PHI,2026-12-20,13:00,LV,PHI,1,era5,14.8,,,,pinnacle,37.5,-118.0,-102.0,,0.5181669543101094,,0.06172488631665979,no_trigger,,
2026-12-19T21:25:00Z,v3-2026-09-28,2025_15_GB_DEN,2026-12-20,16:25,GB,DEN,1,era5,3.8,,,,pinnacle,42.5,-115.0,-105.0,,0.5113442994895061,,0.07443001060445387,no_trigger,,
2026-12-19T21:25:00Z,v3-2026-09-28,2025_15_DET_LA,2026-12-20,16:25,DET,LA,1,indoor,,,,,pinnacle,54.5,-105.0,-115.0,,0.4886557005104931,,0.12202380952380953,not_outdoor,,
2026-12-19T21:25:00Z,v3-2026-09-28,2025_15_CAR_NO,2026-12-20,16:25,CAR,NO,1,indoor,,,,,pinnacle,41.5,-108.0,-112.0,,0.49546444121915795,,0.10682023486901537,not_outdoor,,
2026-12-19T21:25:00Z,v3-2026-09-28,2025_15_IND_SEA,2026-12-20,16:25,IND,SEA,1,era5,11.7,,,,pinnacle,41.5,-108.0,-112.0,,0.49546444121915795,,0.10682023486901537,no_trigger,,
2026-12-19T21:25:00Z,v3-2026-09-28,2025_15_TEN_SF,2026-12-20,16:25,TEN,SF,1,era5,3.0,,,,pinnacle,44.5,-112.0,-108.0,,0.5045355587808416,,0.0878157665505227,no_trigger,,
2026-12-20T01:20:00Z,v3-2026-09-28,2025_15_MIN_DAL,2026-12-20,20:20,MIN,DAL,1,indoor,,,,,pinnacle,47.5,-102.0,-118.0,,0.48183304568988966,,0.13812171209947388,not_outdoor,,
2026-12-21T01:15:00Z,v3-2026-09-28,2025_15_MIA_PIT,2026-12-21,20:15,MIA,PIT,1,era5,4.7,,,,pinnacle,42.5,-105.0,-115.0,,0.4886557005104931,,0.12202380952380953,no_trigger,,
2026-12-24T01:15:00Z,v3-2026-09-28,2025_16_LA_SEA,2026-12-24,20:15,LA,SEA,1,era5,19.5,,,,pinnacle,42.5,-105.0,-115.0,,0.4886557005104931,,0.12202380952380953,SIGNAL,,
2026-12-25T22:00:00Z,v3-2026-09-28,2025_16_PHI_WAS,2026-12-26,17:00,PHI,WAS,1,era5,8.1,,,,pinnacle,43.5,-110.0,-110.0,,0.4999999999999999,,0.09714523281596454,no_trigger,,
2026-12-26T01:20:00Z,v3-2026-09-28,2025_16_GB_CHI,2026-12-26,20:20,GB,CHI,1,era5,11.3,,,,pinnacle,45.5,-115.0,-105.0,,0.5113442994895061,,0.07443001060445387,no_trigger,,
2026-12-26T18:00:00Z,v3-2026-09-28,2025_16_TB_CAR,2026-12-27,13:00,TB,CAR,1,era5,7.0,,,,pinnacle,44.5,-108.0,-112.0,,0.49546444121915795,,0.10682023486901537,no_trigger,,
2026-12-26T18:00:00Z,v3-2026-09-28,2025_16_BUF_CLE,2026-12-27,13:00,BUF,CLE,1,era5,16.3,,,,pinnacle,41.5,-118.0,-102.0,,0.5181669543101094,,0.06172488631665979,price_too_high,,
2026-12-26T18:00:00Z,v3-2026-09-28,2025_16_LAC_DAL,2026-12-27,13:00,LAC,DAL,1,indoor,,,,,pinnacle,50.5,-102.0,-118.0,,0.48183304568988966,,0.13812171209947388,not_outdoor,,
2026-12-26T18:00:00Z,v3-2026-09-28,2025_16_CIN_MIA,2026-12-27,13:00,CIN,MIA,1,era5,6.0,,,,pinnacle,48.5,-112.0,-108.0,,0.5045355587808416,,0.0878157665505227,no_trigger,,
2026-12-26T18:00:00Z,v3-2026-09-28,2025_16_NYJ_NO,2026-12-27,13:00,NYJ,NO,1,indoor,,,,,pinnacle,39.5,-105.0,-115.0,,0.4886557005104931,,0.12202380952380953,not_outdoor,,
2026-12-26T18:00:00Z,v3-2026-09-28,2025_16_MIN_NYG,2026-12-27,13:00,MIN,NYG,1,era5,14.8,,,,pinnacle,41.5,-115.0,-105.0,,0.5113442994895061,,0.07443001060445387,no_trigger,,
2026-12-26T18:00:00Z,v3-2026-09-28,2025_16_KC_TEN,2026-12-27,13:00,KC,TEN,1,era5,9.7,,,,pinnacle,37.5,-110.0,-110.0,,0.4999999999999999,,0.09714523281596454,no_trigger,,
2026-12-26T21:05:00Z,v3-2026-09-28,2025_16_ATL_ARI,2026-12-27,16:05,ATL,ARI,1,indoor,,,,,pinnacle,48.5,-105.0,-115.0,,0.4886557005104931,,0.12202380952380953,not_outdoor,,
2026-12-26T21:05:00Z,v3-2026-09-28,2025_16_JAX_DEN,2026-12-27,16:05,JAX,DEN,1,era5,7.0,,,,pinnacle,46.5,-108.0,-112.0,,0.49546444121915795,,0.10682023486901537,no_trigger,,
2026-12-26T21:25:00Z,v3-2026-09-28,2025_16_PIT_DET,2026-12-27,16:25,PIT,DET,1,indoor,,,,,pinnacle,52.5,-115.0,-105.0,,0.5113442994895061,,0.07443001060445387,not_outdoor,,
2026-12-26T21:25:00Z,v3-2026-09-28,2025_16_LV_HOU,2026-12-27,16:25,LV,HOU,1,indoor,,,,,pinnacle,39.5,-110.0,-110.0,,0.4999999999999999,,0.09714523281596454,not_outdoor,,
2026-12-27T01:20:00Z,v3-2026-09-28,2025_16_NE_BAL,2026-12-27,20:20,NE,BAL,1,era5,7.1,,,,pinnacle,48.5,-112.0,-108.0,,0.5045355587808416,,0.0878157665505227,no_trigger,,
2026-12-28T01:15:00Z,v3-2026-09-28,2025_16_SF_IND,2026-12-28,20:15,SF,IND,1,indoor,,,,,pinnacle,46.5,-118.0,-102.0,,0.5181669543101094,,0.06172488631665979,not_outdoor,,
2026-12-30T18:00:00Z,v3-2026-09-28,2025_17_DAL_WAS,2026-12-31,13:00,DAL,WAS,1,era5,10.4,,,,pinnacle,50.5,-108.0,-112.0,,0.49546444121915795,,0.10682023486901537,no_trigger,,
2026-12-30T21:30:00Z,v3-2026-09-28,2025_17_DET_MIN,2026-12-31,16:30,DET,MIN,1,indoor,,,,,pinnacle,45.5,-115.0,-105.0,,0.5113442994895061,,0.07443001060445387,not_outdoor,,
2026-12-31T01:15:00Z,v3-2026-09-28,2025_17_DEN_KC,2026-12-31,20:15,DEN,KC,1,era5,5.8,,,,pinnacle,37.5,100.0,-120.0,,0.47727272727272363,,0.14939024390243905,no_trigger,,
2027-01-01T21:30:00Z,v3-2026-09-28,2025_17_HOU_LAC,2027-01-02,16:30,HOU,LAC,1,indoor,,,,,pinnacle,40.5,-105.0,-115.0,,0.4886557005104931,,0.12202380952380953,not_outdoor,,
2027-01-02T01:00:00Z,v3-2026-09-28,2025_17_BAL_GB,2027-01-02,20:00,BAL,GB,1,era5,9.2,,,,pinnacle,38.5,-115.0,-105.0,,0.5113442994895061,,0.07443001060445387,no_trigger,,
2027-01-02T18:00:00Z,v3-2026-09-28,2025_17_SEA_CAR,2027-01-03,13:00,SEA,CAR,1,era5,5.3,,,,pinnacle,42.5,-110.0,-110.0,,0.4999999999999999,,0.09714523281596454,no_trigger,,
2027-01-02T18:00:00Z,v3-2026-09-28,2025_17_ARI_CIN,2027-01-03,13:00,ARI,CIN,1,era5,13.4,,,,pinnacle,52.5,-105.0,-115.0,,0.4886557005104931,,0.12202380952380953,no_trigger,,
2027-01-02T18:00:00Z,v3-2026-09-28,2025_17_PIT_CLE,2027-01-03,13:00,PIT,CLE,1,era5,13.4,,,,pinnacle,35.5,-112.0,-108.0,,0.5045355587808416,,0.0878157665505227,no_trigger,,
2027-01-02T18:00:00Z,v3-2026-09-28,2025_17_JAX_IND,2027-01-03,13:00,JAX,IND,1,indoor,,,,,pinnacle,48.5,-108.0,-112.0,,0.49546444121915795,,0.10682023486901537,not_outdoor,,
2027-01-02T18:00:00Z,v3-2026-09-28,2025_17_TB_MIA,2027-01-03,13:00,TB,MIA,1,era5,6.9,,,,pinnacle,44.5,-118.0,-102.0,,0.5181669543101094,,0.06172488631665979,no_trigger,,
2027-01-02T18:00:00Z,v3-2026-09-28,2025_17_NE_NYJ,2027-01-03,13:00,NE,NYJ,1,era5,4.4,,,,pinnacle,42.5,-112.0,-108.0,,0.5045355587808416,,0.0878157665505227,no_trigger,,
2027-01-02T18:00:00Z,v3-2026-09-28,2025_17_NO_TEN,2027-01-03,13:00,NO,TEN,1,era5,13.4,,,,pinnacle,39.5,-118.0,-102.0,,0.5181669543101094,,0.06172488631665979,no_trigger,,
2027-01-02T21:05:00Z,v3-2026-09-28,2025_17_NYG_LV,2027-01-03,16:05,NYG,LV,1,indoor,,,,,pinnacle,40.5,-112.0,-108.0,,0.5045355587808416,,0.0878157665505227,not_outdoor,,
2027-01-02T21:25:00Z,v3-2026-09-28,2025_17_PHI_BUF,2027-01-03,16:25,PHI,BUF,1,era5,3.3,,,,pinnacle,45.5,-115.0,-105.0,,0.5113442994895061,,0.07443001060445387,no_trigger,,
2027-01-03T01:20:00Z,v3-2026-09-28,2025_17_CHI_SF,2027-01-03,20:20,CHI,SF,1,era5,6.9,,,,pinnacle,51.5,-112.0,-108.0,,0.5045355587808416,,0.0878157665505227,no_trigger,,
2027-01-04T01:15:00Z,v3-2026-09-28,2025_17_LA_ATL,2027-01-04,20:15,LA,ATL,1,indoor,,,,,pinnacle,48.5,-105.0,-115.0,,0.4886557005104931,,0.12202380952380953,not_outdoor,,
2027-01-08T21:30:00Z,v3-2026-09-28,2025_18_CAR_TB,2027-01-09,16:30,CAR,TB,1,era5,12.8,,,,pinnacle,43.5,-118.0,-102.0,,0.5181669543101094,,0.06172488631665979,no_trigger,,
2027-01-09T01:00:00Z,v3-2026-09-28,2025_18_SEA_SF,2027-01-09,20:00,SEA,SF,1,era5,13.1,,,,pinnacle,47.5,-105.0,-115.0,,0.4886557005104931,,0.12202380952380953,no_trigger,,
2027-01-09T18:00:00Z,v3-2026-09-28,2025_18_NO_ATL,2027-01-10,13:00,NO,ATL,1,indoor,,,,,pinnacle,43.5,-112.0,-108.0,,0.5045355587808416,,0.0878157665505227,not_outdoor,,
2027-01-09T18:00:00Z,v3-2026-09-28,2025_18_CLE_CIN,2027-01-10,13:00,CLE,CIN,1,era5,2.6,,,,pinnacle,47.5,-118.0,-102.0,,0.5181669543101094,,0.06172488631665979,no_trigger,,
2027-01-09T18:00:00Z,v3-2026-09-28,2025_18_IND_HOU,2027-01-10,13:00,IND,HOU,1,indoor,,,,,pinnacle,37.5,-108.0,-112.0,,0.49546444121915795,,0.10682023486901537,not_outdoor,,
2027-01-09T18:00:00Z,v3-2026-09-28,2025_18_TEN_JAX,2027-01-10,13:00,TEN,JAX,1,era5,9.8,,,,pinnacle,46.5,-112.0,-108.0,,0.5045355587808416,,0.0878157665505227,no_trigger,,
2027-01-09T18:00:00Z,v3-2026-09-28,2025_18_GB_MIN,2027-01-10,13:00,GB,MIN,1,indoor,,,,,pinnacle,37.5,-118.0,-102.0,,0.5181669543101094,,0.06172488631665979,not_outdoor,,
2027-01-09T18:00:00Z,v3-2026-09-28,2025_18_DAL_NYG,2027-01-10,13:00,DAL,NYG,1,era5,9.8,,,,pinnacle,50.5,-115.0,-105.0,,0.5113442994895061,,0.07443001060445387,no_trigger,,
2027-01-09T21:25:00Z,v3-2026-09-28,2025_18_NYJ_BUF,2027-01-10,16:25,NYJ,BUF,1,era5,10.0,,,,pinnacle,39.5,-115.0,-105.0,,0.5113442994895061,,0.07443001060445387,no_trigger,,
2027-01-09T21:25:00Z,v3-2026-09-28,2025_18_DET_CHI,2027-01-10,16:25,DET,CHI,1,era5,7.5,,,,pinnacle,51.5,-115.0,-105.0,,0.5113442994895061,,0.07443001060445387,no_trigger,,
2027-01-09T21:25:00Z,v3-2026-09-28,2025_18_LAC_DEN,2027-01-10,16:25,LAC,DEN,1,era5,10.7,,,,pinnacle,37.5,-105.0,-115.0,,0.4886557005104931,,0.12202380952380953,no_trigger,,
2027-01-09T21:25:00Z,v3-2026-09-28,2025_18_ARI_LA,2027-01-10,16:25,ARI,LA,1,indoor,,,,,pinnacle,49.5,-108.0,-112.0,,0.49546444121915795,,0.10682023486901537,not_outdoor,,
2027-01-09T21:25:00Z,v3-2026-09-28,2025_18_KC_LV,2027-01-10,16:25,KC,LV,1,indoor,,,,,pinnacle,36.5,-118.0,-102.0,,0.5181669543101094,,0.06172488631665979,not_outdoor,,
2027-01-09T21:25:00Z,v3-2026-09-28,2025_18_MIA_NE,2027-01-10,16:25,MIA,NE,1,era5,8.0,,,,pinnacle,44.5,-112.0,-108.0,,0.5045355587808416,,0.0878157665505227,no_trigger,,
2027-01-09T21:25:00Z,v3-2026-09-28,2025_18_WAS_PHI,2027-01-10,16:25,WAS,PHI,1,era5,10.7,,,,pinnacle,38.5,-108.0,-112.0,,0.49546444121915795,,0.10682023486901537,no_trigger,,
2027-01-10T01:20:00Z,v3-2026-09-28,2025_18_BAL_PIT,2027-01-10,20:20,BAL,PIT,1,era5,3.5,,,,pinnacle,41.5,-110.0,-110.0,,0.4999999999999999,,0.09714523281596454,no_trigger,,
