rule,test,games,bets,win_pct,win_lo,win_hi,roi_110,p,mean_miss,mean_move,share_moved_our_way
Wind 15+ mph → under,vs close 1999–2025,692,682,0.5718475073313783,0.5344103406017374,0.6084797961295428,0.09170887763263132,0.0066015132782592245,-1.5108381502890174,,
Wind 15+ mph → under,vs close 1999–2013,435,429,0.578088578088578,0.5308639610003886,0.623927075720666,0.10362364907819449,0.013644776696199198,-1.3195402298850574,,
Wind 15+ mph → under,vs close 2014–2025,257,253,0.5612648221343873,0.49965276487253013,0.6210441938755853,0.07150556952928495,0.12917094964797732,-1.8346303501945525,,
Wind 15+ mph → under,vs close 2020–2025,128,126,0.5714285714285714,0.48416701538105367,0.6544634389571552,0.0909090909090909,0.16329965614700284,-2.015625,,
Wind 15+ mph → under,vs open 2007–2021,371,365,0.5972602739726027,0.5461840213841221,0.6463105345444932,0.14022415940224162,0.0028277583443312845,,-1.045822102425876,0.6226415094339622
Rain → under,vs close 1999–2025,408,401,0.6234413965087282,0.5750570742446306,0.6694830125448694,0.19020630242575376,3.611799083550513e-05,-2.258578431372549,,
Rain → under,vs close 1999–2013,217,213,0.6244131455399061,0.5577134744131448,0.686704570832786,0.19206145966709345,0.001940716235312988,-1.652073732718894,,
Rain → under,vs close 2014–2025,191,188,0.6223404255319149,0.5512429279692336,0.6885382248151469,0.1881044487427466,0.00407121035042273,-2.9476439790575917,,
Rain → under,vs close 2020–2025,98,97,0.6701030927835051,0.571625410672298,0.7556204878457737,0.2792877225866916,0.002466273626324428,-2.663265306122449,,
Rain → under,vs open 2007–2021,231,227,0.5903083700440529,0.5253471188854644,0.6522638489816792,0.12695234281137363,0.02591305697196333,,-1.0974025974025974,0.6753246753246753
Storm: wind 15+ and rain/snow → under,vs close 1999–2025,97,95,0.6842105263157895,0.585132797889047,0.7689691187128695,0.30622009569377984,0.0010906998965801767,-4.84020618556701,,
Storm: wind 15+ and rain/snow → under,vs close 1999–2013,61,60,0.65,0.5236238380947751,0.7583239827618451,0.24090909090909088,0.03296141476236305,-3.9918032786885247,,
Storm: wind 15+ and rain/snow → under,vs close 2014–2025,36,35,0.7428571428571429,0.5793037572935127,0.8583713127344985,0.4181818181818182,0.0067515412577345895,-6.277777777777778,,
Storm: wind 15+ and rain/snow → under,vs close 2020–2025,20,20,0.7,0.4810232237710206,0.854524726031006,0.3363636363636363,0.08668198645541933,-5.5,,
Storm: wind 15+ and rain/snow → under,vs open 2007–2021,54,53,0.7358490566037735,0.6041907894277545,0.8356279348868316,0.4048027444253859,0.0013046384870457424,,-2.3055555555555554,0.7962962962962963
Wind 15+ or rain → under,vs close 1999–2025,1026,1011,0.5845697329376854,0.5539282620027459,0.6145709402372883,0.11599676288103586,5.951835951209753e-05,-1.621345029239766,,
Wind 15+ or rain → under,vs close 1999–2013,606,597,0.5879396984924623,0.548016343844512,0.6267385333144597,0.12243033348560982,0.0009486841675121973,-1.3127062706270627,,
Wind 15+ or rain → under,vs close 2014–2025,420,414,0.5797101449275363,0.5316423171742887,0.6263122761452852,0.10671936758893281,0.01277059965071749,-2.066666666666667,,
Wind 15+ or rain → under,vs close 2020–2025,208,205,0.6048780487804878,0.5366156589650012,0.6692820165938912,0.15476718403547668,0.01183141524149332,-1.9879807692307692,,
Wind 15+ or rain → under,vs open 2007–2021,561,551,0.5862068965517241,0.5446240973528687,0.6265959409427457,0.11912225705329152,0.0018759016161945048,,-0.9857397504456328,0.6327985739750446
Snow → under (control),vs close 1999–2025,91,89,0.449438202247191,0.3503221712111898,0.552738525717773,-0.14198161389172628,0.9345536369652843,1.8516483516483517,,
Snow → under (control),vs close 1999–2013,51,49,0.3673469387755102,0.24664982524781226,0.5073318861311014,-0.2987012987012987,0.9904545070865406,3.6470588235294117,,
Snow → under (control),vs close 2014–2025,40,40,0.55,0.39828829888440775,0.6929492471905531,0.05,0.4322930143829036,-0.4375,,
Snow → under (control),vs close 2020–2025,24,24,0.375,0.21159133433631458,0.5729038096209293,-0.2840909090909091,0.9523821299151565,4.145833333333333,,
Snow → under (control),vs open 2007–2021,45,44,0.6136363636363636,0.46623309846201666,0.7427900111329802,0.17148760330578508,0.1486052032319712,,-1.7555555555555555,0.7333333333333333
"Freezing ≤32°F, calm & dry → over (control)",vs close 1999–2025,258,256,0.55078125,0.48954464249048335,0.6105163177252789,0.05149147727272729,0.21155035129763733,1.8953488372093024,,
"Freezing ≤32°F, calm & dry → over (control)",vs close 1999–2013,145,144,0.5902777777777778,0.5086232575743579,0.6672406400025082,0.12689393939393934,0.06469776652877691,3.5206896551724136,,
"Freezing ≤32°F, calm & dry → over (control)",vs close 2014–2025,113,112,0.5,0.4089470959009493,0.5910529040990508,-0.04545454545454548,0.7256804595056681,-0.1902654867256637,,
"Freezing ≤32°F, calm & dry → over (control)",vs close 2020–2025,60,59,0.5423728813559322,0.4165761502342809,0.6629889785975757,0.03543913713405237,0.43923537887731373,1.275,,
"Freezing ≤32°F, calm & dry → over (control)",vs open 2007–2021,139,137,0.5474452554744526,0.4639362784783395,0.6283659958497,0.04512276045122754,0.3202129413207183,,-0.3273381294964029,0.33093525179856115
Wind 15+ mph → under,"forecast 1d out, 2024–26",24,24,0.5,0.31427131627763083,0.6857286837223692,-0.04545454545454549,0.6697667480328703,,,
Rain → under,"forecast 1d out, 2024–26",18,17,0.47058823529411764,0.26164801196088106,0.6903710268845051,-0.10160427807486633,0.7524686594784131,,,
Storm: wind 15+ and rain/snow → under,"forecast 1d out, 2024–26",1,1,0.0,0.0,0.7934567085261071,-1.0,1.0,,,
Wind 15+ or rain → under,"forecast 1d out, 2024–26",41,40,0.5,0.35199278797099753,0.6480072120290025,-0.045454545454545504,0.677609598658417,,,
Wind 15+ mph → under,"forecast 3d out, 2024–26",23,23,0.5217391304347826,0.3296242986421849,0.7076313046005427,-0.00395256916996051,0.591342404033227,,,
Rain → under,"forecast 3d out, 2024–26",29,28,0.5357142857142857,0.3581239514210167,0.7046869626034041,0.02272727272727274,0.5262741317191361,,,
Storm: wind 15+ and rain/snow → under,"forecast 3d out, 2024–26",7,7,0.5714285714285714,0.2504542304090258,0.8417830777373732,0.0909090909090909,0.5519653911339831,,,
Wind 15+ or rain → under,"forecast 3d out, 2024–26",45,44,0.5227272727272727,0.379352201361717,0.6624524205572824,-0.0020661157024793168,0.5664487828707527,,,
Rain split: forecast rain (1d),2024–26 outdoor games,18,17,0.47058823529411764,0.26164801196088106,0.6903710268845051,-0.10160427807486633,0.7524686594784131,-1.5833333333333333,,
Rain split: rain nobody forecast,2024–26 outdoor games,13,13,0.6923076923076923,0.4236888781333764,0.8731950283838191,0.32167832167832167,0.17443493298152074,-4.923076923076923,,
Rain split: forecast rain that stayed dry,2024–26 outdoor games,9,9,0.5555555555555556,0.2666473457440297,0.811224570528086,0.06060606060606055,0.5584169569539454,-2.611111111111111,,
Wind split: observed wind 15+,2024–26 outdoor games,37,36,0.5,0.34474067624730526,0.6552593237526947,-0.04545454545454546,0.6751425066875132,0.25675675675675674,,
Dome/warm visitor in ≤32°F game → home ATS,vs close 1999–2025,113,111,0.5855855855855856,0.49257834953891366,0.672866924647444,0.1179361179361179,0.11327960542886743,1.7433628318584071,,
Dome/warm visitor in ≤32°F game → home ATS,vs close 1999–2013,64,63,0.5714285714285714,0.44861395082594024,0.6860327362671276,0.0909090909090909,0.26470293527853844,2.3671875,,
Dome/warm visitor in ≤32°F game → home ATS,vs close 2014–2025,49,48,0.6041666666666666,0.4631015459693511,0.7297937350404942,0.1534090909090909,0.16603874624806456,0.9285714285714286,,
Dome/warm visitor in ≤32°F game → home ATS,vs close 2020–2025,31,30,0.5333333333333333,0.3614201328152505,0.6976787277587178,0.018181818181818167,0.5322925768174506,0.7096774193548387,,
Cold-climate visitor in ≤32°F game → home ATS (control),vs close 1999–2025,168,168,0.47023809523809523,0.3962742953008555,0.5455325780057245,-0.1022727272727273,0.9288079645541476,-0.1488095238095238,,
Cold-climate visitor in ≤32°F game → home ATS (control),vs close 1999–2013,99,99,0.4444444444444444,0.3504590472721702,0.5425803453471589,-0.15151515151515152,0.9536588125452508,-0.2777777777777778,,
Cold-climate visitor in ≤32°F game → home ATS (control),vs close 2014–2025,69,69,0.5072463768115942,0.39205066383648346,0.6216777550889657,-0.03162055335968382,0.6543954760681114,0.036231884057971016,,
Cold-climate visitor in ≤32°F game → home ATS (control),vs close 2020–2025,37,37,0.5675675675675675,0.40913906334200717,0.713285131596487,0.08353808353808351,0.35743788423129264,0.8648648648648649,,
