stadium_key,stadium,lat,lon,eligible_games,rank,icao,km,mos_name,mos_state,mos_lat,mos_lon
BAL00,M&T Bank Stadium,39.278,-76.6227,187,0,KDMH,1.12,BALTIMORE_(ASOS),MD,39.28,-76.61
BAL00,M&T Bank Stadium,39.278,-76.6227,187,1,KBWI,11.63,BALTIMORE,MD,39.18,-76.67
BAL00,M&T Bank Stadium,39.278,-76.6227,187,2,KMTN,18.37,GLENN MARTIN APRT,MD,39.33,-76.42
BOS00,Gillette Stadium,42.0909,-71.2643,201,0,KOWD,13.49,NORWOOD,MA,42.19,-71.17
BOS00,Gillette Stadium,42.0909,-71.2643,201,1,KMQE,18.64,MILTON_(ASOS),MA,42.22,-71.12
BOS00,Gillette Stadium,42.0909,-71.2643,201,2,KSFZ,27.21,N CENTRAL STATE ARPT,RI,41.92,-71.5
BRG00,Tiger Stadium (LSU),30.412,-91.1838,4,0,KBTR,13.51,BATON ROUGE  ASOS,LA,30.53,-91.15
BUF00,New Era Field,42.7738,-78.787,179,0,KBUF,17.98,BUFFALO,NY,42.93,-78.73
BUF00,New Era Field,42.7738,-78.787,179,1,KIAG,39.4,NIAGARA FALLS,NY,43.11,-78.94
CAR00,Bank of America Stadium,35.2258,-80.8528,183,0,KCLT,9.0,CHARLOTTE,NC,35.21,-80.95
CAR00,Bank of America Stadium,35.2258,-80.8528,183,1,KJQF,22.39,CONCORD RGNL AP,NC,35.39,-80.71
CAR00,Bank of America Stadium,35.2258,-80.8528,183,2,KAKH,27.15,GASTONIA_(ASOS),NC,35.2,-81.15
CHI98,Soldier Field,41.8623,-87.6167,185,0,KMDW,14.34,CHICAGO-MDWAYAMOS,IL,41.78,-87.75
CHI98,Soldier Field,41.8623,-87.6167,185,1,KORD,26.85,CHICAGO-OHARE,IL,41.98,-87.9
CHI98,Soldier Field,41.8623,-87.6167,185,2,KGYY,31.5,GARY,IN,41.62,-87.42
CIN00,Paycor Stadium,39.0955,-84.5161,183,0,KLUK,7.45,CINCINNATI/LUNK ASOS,OH,39.1,-84.43
CIN00,Paycor Stadium,39.0955,-84.5161,183,1,KCVG,14.22,COVINGTON    ASOS,KY,39.05,-84.67
CIN00,Paycor Stadium,39.0955,-84.5161,183,2,KHAO,29.41,HAMILTON,OH,39.36,-84.52
CLE00,FirstEnergy Stadium,41.5061,-81.6995,178,0,KBKL,2.24,BURKE LAKEFRNT AP,OH,41.52,-81.68
CLE00,FirstEnergy Stadium,41.5061,-81.6995,178,1,KCLE,17.22,CLEVELAND,OH,41.4,-81.85
CLE00,FirstEnergy Stadium,41.5061,-81.6995,178,2,KCGF,19.6,CUYAHOGA CO APRT,OH,41.57,-81.48
DAL99,Texas Stadium,32.8401,-96.9117,41,0,KDAL,5.87,DALLAS,TX,32.85,-96.85
DAL99,Texas Stadium,32.8401,-96.9117,41,1,KDFW,12.9,DALLAS-FT.WORTH,TX,32.9,-97.03
DAL99,Texas Stadium,32.8401,-96.9117,41,2,KADS,16.33,DALLAS/ADDISON,TX,32.97,-96.83
DEN00,Empower Field at Mile High,39.7439,-105.0201,190,0,KBJC,19.34,BROOMFIELD,CO,39.9,-105.12
DEN00,Empower Field at Mile High,39.7439,-105.0201,190,1,KBKF,23.61,BUCKLEY ANGB APRT,CO,39.7,-104.75
DEN00,Empower Field at Mile High,39.7439,-105.0201,190,2,KAPA,25.1,ENGLEWOOD/DENVER,CO,39.56,-104.85
GNB00,Lambeau Field,44.5013,-88.0622,189,0,KGRB,5.88,GREEN BAY,WI,44.48,-88.13
JAX00,TIAA Bank Stadium,30.3239,-81.6373,173,0,KNIP,10.19,JACKSONVILLE NAS,FL,30.24,-81.68
JAX00,TIAA Bank Stadium,30.3239,-81.6373,173,1,KCRG,11.28,CRAIG MUNI ARPT,FL,30.33,-81.52
JAX00,TIAA Bank Stadium,30.3239,-81.6373,173,2,KJAX,20.48,JACKSONVILLE,FL,30.5,-81.7
KAN00,GEHA Field at Arrowhead Stadium,39.0489,-94.4839,194,0,KMKC,12.76,KANSAS CITY DWNTN,MO,39.12,-94.6
KAN00,GEHA Field at Arrowhead Stadium,39.0489,-94.4839,194,1,KLXT,13.95,LEES SUMMIT MUNI AP,MO,38.96,-94.37
KAN00,GEHA Field at Arrowhead Stadium,39.0489,-94.4839,194,2,KOJC,30.69,OLATHE,KS,38.85,-94.73
LAX97,StubHub Center,33.8644,-118.2611,22,0,KHHR,8.87,HAWTHORNE,CA,33.92,-118.33
LAX97,StubHub Center,33.8644,-118.2611,22,1,KTOA,9.58,TORRANCE,CA,33.8,-118.33
LAX97,StubHub Center,33.8644,-118.2611,22,2,KLGB,11.39,LONG BEACH,CA,33.82,-118.15
LAX99,Los Angeles Memorial Coliseum,34.0141,-118.2879,31,0,KCQT,1.78,USC CAMPUS,CA,34.03,-118.29
LAX99,Los Angeles Memorial Coliseum,34.0141,-118.2879,31,1,KHHR,11.16,HAWTHORNE,CA,33.92,-118.33
LAX99,Los Angeles Memorial Coliseum,34.0141,-118.2879,31,2,KLAX,13.94,LOS ANGELES,CA,33.93,-118.4
MIA00,Hard Rock Stadium,25.958,-80.2389,180,0,KHWO,4.67,NORTH_PERRY_ARPT_ASO,FL,26.0,-80.24
MIA00,Hard Rock Stadium,25.958,-80.2389,180,1,KOPF,7.65,OPA LOCKA ARPT,FL,25.9,-80.28
MIA00,Hard Rock Stadium,25.958,-80.2389,180,2,KFLL,15.3,FORT LAUDERDALE,FL,26.07,-80.15
MIN98,TCF Bank Stadium,44.9765,-93.2246,18,0,KMSP,10.74,MINNEAPOLIS,MN,44.88,-93.22
MIN98,TCF Bank Stadium,44.9765,-93.2246,18,1,KSTP,13.22,ST PAUL,MN,44.93,-93.07
MIN98,TCF Bank Stadium,44.9765,-93.2246,18,2,KMIC,14.33,MINNEAPOLIS CRYS.,MN,45.07,-93.35
NAS00,Nissan Stadium,36.1665,-86.7713,181,0,KBNA,9.69,NASHVILLE,TN,36.12,-86.68
NAS00,Nissan Stadium,36.1665,-86.7713,181,1,KMQY,30.61,SMYRNA,TN,36.0,-86.5
NYC00,Giants Stadium,40.8135,-74.0745,99,0,KTEB,4.55,TETERBORO,NJ,40.85,-74.05
NYC00,Giants Stadium,40.8135,-74.0745,99,1,KNYC,9.55,NEW YORK CITY,NY,40.78,-73.97
NYC00,Giants Stadium,40.8135,-74.0745,99,2,KEWR,14.97,NEWARK,NJ,40.7,-74.17
NYC01,MetLife Stadium,40.8128,-74.0742,263,0,KTEB,4.61,TETERBORO,NJ,40.85,-74.05
NYC01,MetLife Stadium,40.8128,-74.0742,263,1,KNYC,9.5,NEW YORK CITY,NY,40.78,-73.97
NYC01,MetLife Stadium,40.8128,-74.0742,263,2,KEWR,14.91,NEWARK,NJ,40.7,-74.17
OAK00,Ring Central Coliseum,37.7516,-122.2005,123,0,KOAK,3.91,OAKLAND,CA,37.72,-122.22
OAK00,Ring Central Coliseum,37.7516,-122.2005,123,1,KHWD,13.33,HAYWARD,CA,37.65,-122.12
OAK00,Ring Central Coliseum,37.7516,-122.2005,123,2,KSFO,21.53,SAN FRANCISCO,CA,37.62,-122.38
PHI00,Lincoln Financial Field,39.9008,-75.1675,191,0,KPHL,7.41,PHILADELPHIA,PA,39.88,-75.25
PHI00,Lincoln Financial Field,39.9008,-75.1675,191,1,KPNE,23.56,N.PHILADELPHIA,PA,40.08,-75.02
PHI00,Lincoln Financial Field,39.9008,-75.1675,191,2,KLOM,27.74,PHILADELPHIA/WINGS,PA,40.14,-75.26
PHO99,Sun Devil Stadium,33.4264,-111.9325,15,0,KPHX,8.13,PHOENIX      ASOS,AZ,33.43,-112.02
PHO99,Sun Devil Stadium,33.4264,-111.9325,15,1,KCHD,20.29,CHANDLER,AZ,33.27,-111.82
PHO99,Sun Devil Stadium,33.4264,-111.9325,15,2,KSDL,21.63,SCOTTSDALE,AZ,33.62,-111.91
PIT00,Acrisure Stadium,40.4468,-80.0158,191,0,KAGC,12.99,ALLEGHENY CO.ARPT,PA,40.35,-79.93
PIT00,Acrisure Stadium,40.4468,-80.0158,191,1,KPIT,18.26,PITTSBURGH,PA,40.5,-80.22
PIT00,Acrisure Stadium,40.4468,-80.0158,191,2,KBTP,37.46,BUTLER_CO._(AWOS),PA,40.78,-79.95
SDG00,Qualcomm Stadium,32.7831,-117.1196,109,0,KMYF,4.99,SAN DIEGO,CA,32.82,-117.15
SDG00,Qualcomm Stadium,32.7831,-117.1196,109,1,KSAN,7.55,SAN DIEGO,CA,32.73,-117.17
SDG00,Qualcomm Stadium,32.7831,-117.1196,109,2,KNKX,9.85,MIRAMAR NAS,CA,32.87,-117.14
SEA00,Lumen Field,47.5952,-122.3316,192,0,KBFI,7.63,BOEING FIELD,WA,47.53,-122.3
SEA00,Lumen Field,47.5952,-122.3316,192,1,KRNT,13.5,RENTON,WA,47.5,-122.22
SEA00,Lumen Field,47.5952,-122.3316,192,2,KSEA,16.32,SEATTLE-TACOMA,WA,47.45,-122.3
SFO00,Candlestick Park,37.7136,-122.3861,82,0,KSFO,10.42,SAN FRANCISCO,CA,37.62,-122.38
SFO00,Candlestick Park,37.7136,-122.3861,82,1,KOAK,14.63,OAKLAND,CA,37.72,-122.22
SFO00,Candlestick Park,37.7136,-122.3861,82,2,KHWD,24.46,HAYWARD,CA,37.65,-122.12
SFO01,Levi's Stadium,37.403,-121.97,103,0,KSJC,6.51,SAN JOSE,CA,37.36,-121.92
SFO01,Levi's Stadium,37.403,-121.97,103,1,KNUQ,7.31,MOUNTAIN VIEW NAS,CA,37.42,-122.05
SFO01,Levi's Stadium,37.403,-121.97,103,2,KPAO,15.2,PALO ALTO,CA,37.47,-122.12
TAM00,Raymond James Stadium,27.9759,-82.5033,183,0,KTPA,2.7,TAMPA,FL,27.97,-82.53
TAM00,Raymond James Stadium,27.9759,-82.5033,183,1,KMCF,14.0,MAC DILL AFB,FL,27.85,-82.5
TAM00,Raymond James Stadium,27.9759,-82.5033,183,2,KVDF,15.52,TAMPA/VANDENBURG APT,FL,28.01,-82.35
WAS00,FedExField,38.9078,-76.8645,181,0,KCGS,9.35,COLLEGE PARK AIRPORT,MD,38.98,-76.92
WAS00,FedExField,38.9078,-76.8645,181,1,KADW,9.77,ANDREWS AFB,MD,38.82,-76.87
WAS00,FedExField,38.9078,-76.8645,181,2,KDCA,15.7,WASHINGTON,DC,38.85,-77.03
