game_id,gb_wind,gb_text_wind,om_wind_cal,new_wind
2001_05_WAS_DAL,0.0,25.0,10.368552560681968,10.0
2001_14_NE_BUF,0.0,13.0,8.876107367753784,13.0
2004_16_CLE_MIA,0.0,12.0,13.441233840239992,12.0
2005_15_TB_NE,0.0,15.0,8.173780218140521,15.0
2007_02_OAK_DEN,0.0,12.0,8.129884771289692,12.0
2008_02_TEN_CIN,70.0,21.0,19.76217818675936,21.0
2014_01_NE_MIA,0.0,15.0,10.19297077327865,15.0
2016_13_NYG_PIT,71.0,71.0,7.332450820166301,7.0
2021_10_PHI_DEN,19.0,5.0,5.342523896262055,5.0
2021_15_CIN_DEN,19.0,8.0,4.976728505838484,8.0
2021_16_JAX_NYJ,0.0,12.0,12.65111579692507,12.0
2021_18_WAS_NYG,0.0,14.0,14.670306352063204,14.0
2022_11_CAR_BAL,2.0,18.0,15.021469926869832,18.0
2022_11_NYJ_NE,2.0,17.0,16.86507869460465,17.0
2022_14_KC_DEN,4.0,15.0,12.70232715158437,15.0
2023_13_SF_PHI,44.0,44.0,4.910885335562235,5.0
2025_04_NYJ_MIA,17.0,1.0,8.21767566499135,1.0
