venue_id,name,aliases,city,country,lat,lon,roof,used_by,source
alfredo_jaconi,Alfredo Jaconi,,Caxias do Sul,BR,-29.16,-51.19,open,Série A (city-level location),manual (verify on the Mac)
allianz_parque,Allianz Parque,,São Paulo,BR,-23.5275,-46.6784,open,Série A,manual (verify on the Mac)
antonio_accioly,Antônio Accioly,,Goiânia,BR,-16.67,-49.25,open,Série A (city-level location),manual (verify on the Mac)
arena_conda,Arena Condá,,Chapecó,BR,-27.1,-52.62,open,Série A (city-level location),manual (verify on the Mac)
arena_do_gremio,Arena do Grêmio,,Porto Alegre,BR,-29.974,-51.195,open,Série A,manual (verify on the Mac)
arena_fonte_nova,Arena Fonte Nova,,Salvador,BR,-12.9787,-38.5043,open,Série A,manual (verify on the Mac)
arena_mrv,Arena MRV,,Belo Horizonte,BR,-19.94,-44.01,open,Série A 2023-,manual (verify on the Mac)
arena_pantanal,Arena Pantanal,,Cuiabá,BR,-15.604,-56.121,open,Série A,manual (verify on the Mac)
baenao,Baenão,,Belém,BR,-1.44,-48.47,open,Série A 2026- (city-level location),manual (verify on the Mac)
barradao,Barradão,,Salvador,BR,-12.92,-38.43,open,Série A,manual (verify on the Mac)
beira_rio,Beira-Rio,Estádio Beira-Rio,Porto Alegre,BR,-30.0655,-51.2358,open,Série A,manual (verify on the Mac)
castelao,Castelão,Arena Castelão,Fortaleza,BR,-3.8071,-38.5224,open,Série A,manual (verify on the Mac)
couto_pereira,Couto Pereira,,Curitiba,BR,-25.421,-49.259,open,Série A,manual (verify on the Mac)
estadio_haile_pinheiro,Estádio Hailé Pinheiro,Serrinha,Goiânia,BR,-16.7,-49.25,open,Série A (city-level location),manual (verify on the Mac)
estadio_jose_maria_de_campos_maia,Estádio José Maria de Campos Maia,,Mirassol,BR,-20.82,-49.52,open,Série A 2025- (city-level location),manual (verify on the Mac)
estadio_nilton_santos,Estádio Nilton Santos,Engenhão,Rio de Janeiro,BR,-22.8932,-43.2922,open,Série A,manual (verify on the Mac)
heriberto_hulse,Heriberto Hülse,,Criciúma,BR,-28.68,-49.37,open,Série A (city-level location),manual (verify on the Mac)
ilha_do_retiro,Ilha do Retiro,,Recife,BR,-8.063,-34.903,open,Série A,manual (verify on the Mac)
independencia,Independência,,Belo Horizonte,BR,-19.908,-43.918,open,Série A,manual (verify on the Mac)
ligga_arena,Ligga Arena,Arena da Baixada,Curitiba,BR,-25.4482,-49.2769,retractable,Série A,manual (verify on the Mac)
mangueirao,Mangueirão,Estádio Olímpico do Pará,Belém,BR,-1.39,-48.45,open,Série A 2026- (city-level location),manual (verify on the Mac)
maracana,Maracanã,Estádio do Maracanã,Rio de Janeiro,BR,-22.9122,-43.2302,open,Série A,manual (verify on the Mac)
mineirao,Mineirão,,Belo Horizonte,BR,-19.8659,-43.9711,open,Série A,manual (verify on the Mac)
morumbi,Morumbi,MorumBIS;Estádio do Morumbi,São Paulo,BR,-23.6,-46.7203,open,Série A,manual (verify on the Mac)
nabi_abi_chedid,Nabi Abi Chedid,,Bragança Paulista,BR,-22.952,-46.543,open,Série A,manual (verify on the Mac)
neo_quimica_arena,Neo Química Arena,Arena Corinthians,São Paulo,BR,-23.5453,-46.4742,open,Série A,manual (verify on the Mac)
ressacada,Ressacada,,Florianópolis,BR,-27.669,-48.546,open,Série A,manual (verify on the Mac)
sao_januario,São Januário,,Rio de Janeiro,BR,-22.891,-43.228,open,Série A,manual (verify on the Mac)
vila_belmiro,Vila Belmiro,,Santos,BR,-23.951,-46.339,open,Série A,manual (verify on the Mac)
bc_place,BC Place,BC Place Vancouver;Vancouver Stadium,Vancouver,CA,49.2768,-123.112,retractable,MLS; Gold Cup 2025; WC 2026,manual (verify on the Mac)
bmo_field,BMO Field,Toronto Stadium,Toronto,CA,43.6332,-79.4186,open,MLS; WC 2026,manual (verify on the Mac)
stade_saputo,Stade Saputo,,Montreal,CA,45.5627,-73.5528,open,MLS,manual (verify on the Mac)
allianz_arena,Allianz Arena,München;Munich,Munich,DE,48.2188,11.6247,covered,Euro 2024,manual (verify on the Mac)
deutsche_bank_park,Deutsche Bank Park,Frankfurt,Frankfurt,DE,50.0686,8.6455,retractable,Euro 2024,manual (verify on the Mac)
merkur_spiel_arena,Merkur Spiel-Arena,Düsseldorf,Düsseldorf,DE,51.2616,6.7331,retractable,Euro 2024,manual (verify on the Mac)
mhparena,MHPArena,Stuttgart,Stuttgart,DE,48.7923,9.232,covered,Euro 2024,manual (verify on the Mac)
olympiastadion_berlin,Olympiastadion Berlin,Berlin,Berlin,DE,52.5147,13.2395,covered,Euro 2024,manual (verify on the Mac)
red_bull_arena_leipzig,Red Bull Arena Leipzig,Leipzig,Leipzig,DE,51.3458,12.3483,covered,Euro 2024,manual (verify on the Mac)
rheinenergiestadion,RheinEnergieStadion,Köln;Cologne,Cologne,DE,50.9336,6.8752,covered,Euro 2024,manual (verify on the Mac)
signal_iduna_park,Signal Iduna Park,Dortmund,Dortmund,DE,51.4926,7.4519,covered,Euro 2024,manual (verify on the Mac)
veltins_arena,Veltins-Arena,Gelsenkirchen,Gelsenkirchen,DE,51.5546,7.0676,retractable,Euro 2024,manual (verify on the Mac)
volksparkstadion,Volksparkstadion,Hamburg,Hamburg,DE,53.5872,9.8986,covered,Euro 2024,manual (verify on the Mac)
ajinomoto_stadium,Ajinomoto Stadium,,Chofu,JP,35.664,139.527,open,J1,manual (verify on the Mac)
best_denki_stadium,Best Denki Stadium,,Fukuoka,JP,33.586,130.461,open,J1,manual (verify on the Mac)
denka_big_swan_stadium,Denka Big Swan Stadium,,Niigata,JP,37.88,139.059,open,J1,manual (verify on the Mac)
edion_peace_wing_hiroshima,Edion Peace Wing Hiroshima,,Hiroshima,JP,34.401,132.453,open,J1 2024-,manual (verify on the Mac)
edion_stadium_hiroshima,Edion Stadium Hiroshima,Hiroshima Big Arch,Hiroshima,JP,34.44,132.395,open,J1 to 2023,manual (verify on the Mac)
ekimae_real_estate_stadium,Ekimae Real Estate Stadium,,Tosu,JP,33.372,130.52,open,J1,manual (verify on the Mac)
iai_stadium_nihondaira,IAI Stadium Nihondaira,,Shizuoka,JP,35.014,138.482,open,J1,manual (verify on the Mac)
japan_national_stadium,Japan National Stadium,,Tokyo,JP,35.678,139.715,open,J1 (occasional),manual (verify on the Mac)
jfe_harenokuni_stadium,JFE Harenokuni Stadium,,Okayama,JP,34.67,133.919,open,J1 2025-,manual (verify on the Mac)
kashima_soccer_stadium,Kashima Soccer Stadium,Mercari Stadium,Kashima,JP,35.992,140.641,open,J1,manual (verify on the Mac)
ks_denki_stadium_mito,Ks Denki Stadium Mito,,Mito,JP,36.37,140.47,open,J1 if promoted (city-level location),manual (verify on the Mac)
lemon_gas_stadium_hiratsuka,Lemon Gas Stadium Hiratsuka,,Hiratsuka,JP,35.345,139.341,open,J1,manual (verify on the Mac)
machida_gion_stadium,Machida GION Stadium,,Machida,JP,35.593,139.444,open,J1 2024-,manual (verify on the Mac)
nhk_spring_mitsuzawa_football_stadium,NHK Spring Mitsuzawa Football Stadium,,Yokohama,JP,35.469,139.604,open,J1,manual (verify on the Mac)
nissan_stadium_yokohama,Nissan Stadium Yokohama,Nissan Stadium,Yokohama,JP,35.51,139.606,open,J1,manual (verify on the Mac)
noevir_stadium_kobe,Noevir Stadium Kobe,,Kobe,JP,34.657,135.169,retractable,J1,manual (verify on the Mac)
paloma_mizuho_stadium,Paloma Mizuho Stadium,,Nagoya,JP,35.121,136.945,open,J1,manual (verify on the Mac)
panasonic_stadium_suita,Panasonic Stadium Suita,,Suita,JP,34.803,135.538,open,J1,manual (verify on the Mac)
peace_stadium_connected_by_softbank,Peace Stadium Connected by SoftBank,,Nagasaki,JP,32.75,129.87,open,J1 if promoted (city-level location),manual (verify on the Mac)
pocarisweat_stadium,Pocarisweat Stadium,,Naruto,JP,34.21,134.58,open,J1 2021 (city-level location),manual (verify on the Mac)
resonac_dome_oita,Resonac Dome Oita,,Oita,JP,33.201,131.657,retractable,J1,manual (verify on the Mac)
saitama_stadium_2002,Saitama Stadium 2002,,Saitama,JP,35.903,139.718,open,J1,manual (verify on the Mac)
sanga_stadium_by_kyocera,Sanga Stadium by Kyocera,,Kameoka,JP,35.01,135.57,open,J1 2022- (city-level location),manual (verify on the Mac)
sankyo_frontier_kashiwa_stadium,Sankyo Frontier Kashiwa Stadium,,Kashiwa,JP,35.849,139.975,open,J1,manual (verify on the Mac)
sapporo_atsubetsu_park_stadium,Sapporo Atsubetsu Park Stadium,,Sapporo,JP,43.041,141.477,open,J1,manual (verify on the Mac)
sapporo_dome,Sapporo Dome,Daiwa House Premist Dome,Sapporo,JP,43.015,141.41,dome,J1,manual (verify on the Mac)
todoroki_athletics_stadium,Todoroki Athletics Stadium,Uvance Todoroki Stadium,Kawasaki,JP,35.586,139.652,open,J1,manual (verify on the Mac)
toyota_stadium_japan,Toyota Stadium Japan,Toyota Stadium,Toyota,JP,35.085,137.17,retractable,J1,manual (verify on the Mac)
yamaha_stadium,Yamaha Stadium,,Iwata,JP,34.726,137.848,open,J1,manual (verify on the Mac)
yodoko_sakura_stadium,Yodoko Sakura Stadium,,Osaka,JP,34.614,135.518,open,J1,manual (verify on the Mac)
yurtec_stadium_sendai,Yurtec Stadium Sendai,,Sendai,JP,38.319,140.882,open,J1,manual (verify on the Mac)
anyang_sports_complex,Anyang Sports Complex,,Anyang,KR,37.4,126.95,open,K League 1 2025- (city-level location),manual (verify on the Mac)
busan_asiad_main_stadium,Busan Asiad Main Stadium,,Busan,KR,35.19,129.059,open,K League 1 2020,manual (verify on the Mac)
chuncheon_songam_stadium,Chuncheon Songam Stadium,,Chuncheon,KR,37.85,127.71,open,K League 1 (city-level location),manual (verify on the Mac)
daejeon_world_cup_stadium,Daejeon World Cup Stadium,,Daejeon,KR,36.365,127.325,open,K League 1 2023-,manual (verify on the Mac)
dgb_daegu_bank_park,DGB Daegu Bank Park,,Daegu,KR,35.881,128.588,open,K League 1,manual (verify on the Mac)
gangneung_stadium,Gangneung Stadium,,Gangneung,KR,37.77,128.9,open,K League 1 (city-level location),manual (verify on the Mac)
gimcheon_sports_complex,Gimcheon Sports Complex,,Gimcheon,KR,36.13,128.11,open,K League 1 (city-level location),manual (verify on the Mac)
gwangju_football_stadium,Gwangju Football Stadium,,Gwangju,KR,35.134,126.875,open,K League 1,manual (verify on the Mac)
incheon_football_stadium,Incheon Football Stadium,,Incheon,KR,37.466,126.643,open,K League 1,manual (verify on the Mac)
jeju_world_cup_stadium,Jeju World Cup Stadium,,Seogwipo,KR,33.246,126.509,open,K League 1,manual (verify on the Mac)
jeonju_world_cup_stadium,Jeonju World Cup Stadium,,Jeonju,KR,35.868,127.064,open,K League 1,manual (verify on the Mac)
pohang_steel_yard,Pohang Steel Yard,,Pohang,KR,36.0,129.38,open,K League 1 (city-level location),manual (verify on the Mac)
sangju_civic_stadium,Sangju Civic Stadium,,Sangju,KR,36.41,128.16,open,K League 1 2020 (city-level location),manual (verify on the Mac)
seoul_world_cup_stadium,Seoul World Cup Stadium,,Seoul,KR,37.5683,126.8972,open,K League 1,manual (verify on the Mac)
suwon_sports_complex,Suwon Sports Complex,,Suwon,KR,37.298,127.011,open,K League 1,manual (verify on the Mac)
suwon_world_cup_stadium,Suwon World Cup Stadium,,Suwon,KR,37.2866,127.0369,open,K League 1,manual (verify on the Mac)
tancheon_sports_complex,Tancheon Sports Complex,,Seongnam,KR,37.407,127.121,open,K League 1,manual (verify on the Mac)
ulsan_munsu_football_stadium,Ulsan Munsu Football Stadium,,Ulsan,KR,35.535,129.259,open,K League 1,manual (verify on the Mac)
estadio_akron,Estadio Akron,Estadio Guadalajara;Guadalajara Stadium,Zapopan,MX,20.6818,-103.4626,open,Liga MX; WC 2026,manual (verify on the Mac)
estadio_alfonso_lastras,Estadio Alfonso Lastras,,San Luis Potosí,MX,22.14,-101.0,open,Liga MX (city-level location),manual (verify on the Mac)
estadio_azteca,Estadio Azteca,Estadio Banorte;Estadio Ciudad de México;Mexico City Stadium,Mexico City,MX,19.3029,-99.1505,open,Liga MX; WC 2026,manual (verify on the Mac)
estadio_bbva,Estadio BBVA,Estadio Monterrey;Monterrey Stadium,Guadalupe,MX,25.669,-100.2446,open,Liga MX; WC 2026,manual (verify on the Mac)
estadio_caliente,Estadio Caliente,,Tijuana,MX,32.507,-117.009,open,Liga MX,manual (verify on the Mac)
estadio_ciudad_de_los_deportes,Estadio Ciudad de los Deportes,,Mexico City,MX,19.3834,-99.1782,open,Liga MX 2024-,manual (verify on the Mac)
estadio_corona,Estadio Corona,TSM Corona,Torreón,MX,25.55,-103.4,open,Liga MX (city-level location),manual (verify on the Mac)
estadio_corregidora,Estadio Corregidora,,Querétaro,MX,20.578,-100.366,open,Liga MX,manual (verify on the Mac)
estadio_cuauhtemoc,Estadio Cuauhtémoc,,Puebla,MX,19.078,-98.162,open,Liga MX,manual (verify on the Mac)
estadio_el_encanto,Estadio El Encanto,Estadio Kraken,Mazatlán,MX,23.26,-106.42,open,Liga MX 2020-25 (city-level location),manual (verify on the Mac)
estadio_hidalgo,Estadio Hidalgo,,Pachuca,MX,20.105,-98.756,open,Liga MX,manual (verify on the Mac)
estadio_jalisco,Estadio Jalisco,,Guadalajara,MX,20.705,-103.328,open,Liga MX,manual (verify on the Mac)
estadio_leon,Estadio León,Nou Camp,León,MX,21.113,-101.664,open,Liga MX,manual (verify on the Mac)
estadio_morelos,Estadio Morelos,,Morelia,MX,19.72,-101.22,open,Liga MX to 2020 (city-level location),manual (verify on the Mac)
estadio_nemesio_diez,Estadio Nemesio Díez,,Toluca,MX,19.2871,-99.6668,open,"Liga MX (2,660 m)",manual (verify on the Mac)
estadio_olimpico_benito_juarez,Estadio Olímpico Benito Juárez,,Ciudad Juárez,MX,31.71,-106.43,open,Liga MX (city-level location),manual (verify on the Mac)
estadio_olimpico_universitario,Estadio Olímpico Universitario,,Mexico City,MX,19.3319,-99.1921,open,Liga MX,manual (verify on the Mac)
estadio_universitario,Estadio Universitario,Estadio Universitario UANL,San Nicolás de los Garza,MX,25.7224,-100.312,open,Liga MX,manual (verify on the Mac)
estadio_victoria,Estadio Victoria,,Aguascalientes,MX,21.881,-102.276,open,Liga MX,manual (verify on the Mac)
ahmad_bin_ali_stadium,Ahmad bin Ali Stadium,,Al Rayyan,QA,25.3297,51.3422,cooled,WC 2022,openfootball (CC0)
al_bayt_stadium,Al Bayt Stadium,,Al Khor,QA,25.6522,51.4878,cooled,WC 2022,openfootball (CC0)
al_janoub_stadium,Al Janoub Stadium,,Al Wakrah,QA,25.1598,51.5741,cooled,WC 2022,openfootball (CC0)
al_thumama_stadium,Al Thumama Stadium,,Doha,QA,25.2353,51.5322,cooled,WC 2022,openfootball (CC0)
education_city_stadium,Education City Stadium,,Al Rayyan,QA,25.3108,51.4244,cooled,WC 2022,openfootball (CC0)
khalifa_international_stadium,Khalifa International Stadium,,Al Rayyan,QA,25.2636,51.4481,cooled,WC 2022,openfootball (CC0)
lusail_stadium,Lusail Stadium,,Lusail,QA,25.4209,51.4904,cooled,WC 2022,openfootball (CC0)
stadium_974,Stadium 974,,Doha,QA,25.29,51.565,open,WC 2022,openfootball (CC0)
allegiant_stadium,Allegiant Stadium,,Paradise,US,36.0909,-115.1833,dome,Copa 2024; Gold Cup 2025,manual (verify on the Mac)
allianz_field,Allianz Field,,Saint Paul,US,44.953,-93.165,open,MLS,manual (verify on the Mac)
america_first_field,America First Field,Rio Tinto Stadium,Sandy,US,40.5829,-111.8933,open,MLS,manual (verify on the Mac)
at_t_stadium,AT&T Stadium,Dallas Stadium,Arlington,US,32.7473,-97.0945,retractable,Copa 2024; Gold Cup 2025; WC 2026,manual (verify on the Mac)
audi_field,Audi Field,,Washington,US,38.8684,-77.0128,open,MLS; CWC 2025,manual (verify on the Mac)
bank_of_america_stadium,Bank of America Stadium,,Charlotte,US,35.2258,-80.8528,open,MLS 2022-; Copa 2024; CWC 2025,manual (verify on the Mac)
bmo_stadium,BMO Stadium,Banc of California Stadium,Los Angeles,US,34.0128,-118.2845,open,MLS,manual (verify on the Mac)
camping_world_stadium,Camping World Stadium,,Orlando,US,28.5392,-81.4029,open,CWC 2025,manual (verify on the Mac)
chase_stadium,Chase Stadium,DRV PNK Stadium;Inter Miami CF Stadium,Fort Lauderdale,US,26.193,-80.1611,open,MLS 2020-25,manual (verify on the Mac)
children_s_mercy_park,Children's Mercy Park,,Kansas City,US,39.1218,-94.8231,open,MLS; Copa 2024,manual (verify on the Mac)
citi_field,Citi Field,,Queens,US,40.7571,-73.8458,open,MLS (NYCFC),manual (verify on the Mac)
dick_s_sporting_goods_park,Dick's Sporting Goods Park,,Commerce City,US,39.8056,-104.8919,open,MLS,manual (verify on the Mac)
dignity_health_sports_park,Dignity Health Sports Park,,Carson,US,33.8644,-118.2611,open,MLS; Gold Cup 2025,manual (verify on the Mac)
energizer_park,Energizer Park,CITYPARK,St. Louis,US,38.6312,-90.2107,open,MLS 2023-; Gold Cup 2025,manual (verify on the Mac)
espn_wide_world_of_sports_complex,ESPN Wide World of Sports Complex,,Bay Lake,US,28.337,-81.556,open,MLS is Back 2020 (bubble),manual (verify on the Mac)
geha_field_at_arrowhead_stadium,GEHA Field at Arrowhead Stadium,Arrowhead Stadium;Kansas City Stadium,Kansas City,US,39.0489,-94.4839,open,Copa 2024; WC 2026,manual (verify on the Mac)
geodis_park,GEODIS Park,,Nashville,US,36.1302,-86.7658,open,MLS 2022-; CWC 2025,manual (verify on the Mac)
gillette_stadium,Gillette Stadium,Boston Stadium,Foxborough,US,42.0909,-71.2643,open,MLS; WC 2026,manual (verify on the Mac)
hard_rock_stadium,Hard Rock Stadium,Miami Stadium,Miami Gardens,US,25.958,-80.2389,open,Copa 2024; CWC 2025; WC 2026,manual (verify on the Mac)
historic_crew_stadium,Historic Crew Stadium,MAPFRE Stadium,Columbus,US,40.0095,-82.9911,open,MLS 2020-21,manual (verify on the Mac)
inter_co_stadium,Inter&Co Stadium,Exploria Stadium,Orlando,US,28.5411,-81.3893,open,MLS; Copa 2024; CWC 2025,manual (verify on the Mac)
levi_s_stadium,Levi's Stadium,San Francisco Bay Area Stadium,Santa Clara,US,37.403,-121.97,open,Copa 2024; Gold Cup 2025; WC 2026,manual (verify on the Mac)
lincoln_financial_field,Lincoln Financial Field,Philadelphia Stadium,Philadelphia,US,39.9008,-75.1675,open,CWC 2025; WC 2026,manual (verify on the Mac)
lumen_field,Lumen Field,Seattle Stadium,Seattle,US,47.5952,-122.3316,open,MLS; CWC 2025; WC 2026,manual (verify on the Mac)
mercedes_benz_stadium,Mercedes-Benz Stadium,,Atlanta,US,33.7553,-84.4006,retractable,MLS; Copa 2024; CWC 2025; WC 2026,manual (verify on the Mac)
metlife_stadium,MetLife Stadium,New York New Jersey Stadium,East Rutherford,US,40.8135,-74.0745,open,Copa 2024; CWC 2025; WC 2026,manual (verify on the Mac)
nippert_stadium,Nippert Stadium,,Cincinnati,US,39.131,-84.5163,open,MLS 2020,manual (verify on the Mac)
nissan_stadium,Nissan Stadium,,Nashville,US,36.1665,-86.7713,open,MLS 2020-21,manual (verify on the Mac)
nrg_stadium,NRG Stadium,Houston Stadium,Houston,US,29.6847,-95.4107,retractable,Copa 2024; Gold Cup 2025; WC 2026,manual (verify on the Mac)
nu_stadium,Nu Stadium,Miami Freedom Park,Miami,US,25.79,-80.26,open,MLS 2026- (approximate location),manual (verify on the Mac)
paypal_park,PayPal Park,Earthquakes Stadium,San Jose,US,37.3513,-121.9251,open,MLS; Gold Cup 2025,manual (verify on the Mac)
pratt_whitney_stadium,Pratt & Whitney Stadium,Rentschler Field,East Hartford,US,41.7599,-72.619,open,Toronto FC home 2020 (COVID),manual (verify on the Mac)
providence_park,Providence Park,,Portland,US,45.5215,-122.6917,open,MLS,manual (verify on the Mac)
q2_stadium,Q2 Stadium,,Austin,US,30.3877,-97.7195,open,MLS 2021-; Copa 2024; Gold Cup 2025,manual (verify on the Mac)
red_bull_arena,Red Bull Arena,Sports Illustrated Stadium,Harrison,US,40.7368,-74.1503,open,MLS,manual (verify on the Mac)
rose_bowl,Rose Bowl,,Pasadena,US,34.1613,-118.1676,open,CWC 2025,manual (verify on the Mac)
scottsmiracle_gro_field,ScottsMiracle-Gro Field,Lower.com Field,Columbus,US,39.9685,-83.0171,open,MLS 2021-,manual (verify on the Mac)
shell_energy_stadium,Shell Energy Stadium,BBVA Stadium,Houston,US,29.7522,-95.3524,open,MLS; Gold Cup 2025,manual (verify on the Mac)
snapdragon_stadium,Snapdragon Stadium,,San Diego,US,32.7831,-117.1196,open,MLS 2025-; Gold Cup 2025,manual (verify on the Mac)
sofi_stadium,SoFi Stadium,Los Angeles Stadium,Inglewood,US,33.9535,-118.3392,covered,Copa 2024; Gold Cup 2025; WC 2026,manual (verify on the Mac)
soldier_field,Soldier Field,,Chicago,US,41.8623,-87.6167,open,MLS,manual (verify on the Mac)
state_farm_stadium,State Farm Stadium,,Glendale,US,33.5276,-112.2626,retractable,Copa 2024; Gold Cup 2025,manual (verify on the Mac)
subaru_park,Subaru Park,,Chester,US,39.8328,-75.3789,open,MLS,manual (verify on the Mac)
toyota_stadium,Toyota Stadium,Toyota Stadium Frisco,Frisco,US,33.1545,-96.8352,open,MLS,manual (verify on the Mac)
tql_stadium,TQL Stadium,,Cincinnati,US,39.111,-84.522,open,MLS 2021-; CWC 2025,manual (verify on the Mac)
u_s_bank_stadium,U.S. Bank Stadium,,Minneapolis,US,44.9736,-93.2575,dome,Gold Cup 2025,manual (verify on the Mac)
yankee_stadium,Yankee Stadium,,Bronx,US,40.8296,-73.9262,open,MLS (NYCFC),manual (verify on the Mac)
