request_id,sport,event_id,requested_utc,markets,bookmakers,max_new_credits
4fdec947350cfc5da5c4767c09cd09f0d9eeeb8d7e051eef88c32c51d04a7cfa,americanfootball_nfl,42db668449664943833b5c04a583328a,2023-09-07T00:20:00Z,"alternate_spreads,alternate_totals","pinnacle,lowvig,betonlineag,draftkings,fanduel,betmgm,williamhill_us,fanatics,betrivers,espnbet",20
a4aaf39dbec59017497c6e50f711e2a3c78c08fd05748aa20183a16da82f4125,americanfootball_nfl,42db668449664943833b5c04a583328a,2023-09-08T00:10:00Z,"alternate_spreads,alternate_totals","pinnacle,lowvig,betonlineag,draftkings,fanduel,betmgm,williamhill_us,fanatics,betrivers,espnbet",20
08d1e6ad69229c370fd32bd0bdd7fdbed18eb257a055d9c359fbf523817ae957,americanfootball_nfl,741437df0e5c0350c32ce707161bd423,2023-09-09T17:00:00Z,"alternate_spreads,alternate_totals","pinnacle,lowvig,betonlineag,draftkings,fanduel,betmgm,williamhill_us,fanatics,betrivers,espnbet",20
5d36c00bf55b0105965e4e92f8c3d454995af259cca8db76a500cf07b4e1e98c,americanfootball_nfl,6c2d3077c50eece8e6a37742d1ac5756,2023-09-09T17:00:00Z,"alternate_spreads,alternate_totals","pinnacle,lowvig,betonlineag,draftkings,fanduel,betmgm,williamhill_us,fanatics,betrivers,espnbet",20
63c38fad5e849ef62449e28717b242d2d81f0b6745ac0b7aba2479b1da4c82fe,americanfootball_nfl,b3763a6d678b9787e27cec3272252e24,2023-09-09T17:00:00Z,"alternate_spreads,alternate_totals","pinnacle,lowvig,betonlineag,draftkings,fanduel,betmgm,williamhill_us,fanatics,betrivers,espnbet",20
8df57ea3177d26019af681b13485e51a0557756499e33a2cfbf57fcba20e6fa6,americanfootball_nfl,33368d4979d3475b77f5e9eb49648203,2023-09-09T17:00:00Z,"alternate_spreads,alternate_totals","pinnacle,lowvig,betonlineag,draftkings,fanduel,betmgm,williamhill_us,fanatics,betrivers,espnbet",20
a4f75cc19dfd46c5088c14121de4f407c104ed867de7fd6137fd49f55c655317,americanfootball_nfl,1278f44be0d97920fd149f7cdfc9574d,2023-09-09T17:00:00Z,"alternate_spreads,alternate_totals","pinnacle,lowvig,betonlineag,draftkings,fanduel,betmgm,williamhill_us,fanatics,betrivers,espnbet",20
afd1a591c727a6dbbaec0cbdcb64dbb49a3c83abb49784577d36269c27aaf656,americanfootball_nfl,35294c242bcfdb30c9f58dc6f68da6b2,2023-09-09T17:00:00Z,"alternate_spreads,alternate_totals","pinnacle,lowvig,betonlineag,draftkings,fanduel,betmgm,williamhill_us,fanatics,betrivers,espnbet",20
b317e024d263dd2010a0a2576ac5082f5881aeba642a81391a25b9588d339055,americanfootball_nfl,175d9f07fc52d99b21bc772b1499c3d8,2023-09-09T17:00:00Z,"alternate_spreads,alternate_totals","pinnacle,lowvig,betonlineag,draftkings,fanduel,betmgm,williamhill_us,fanatics,betrivers,espnbet",20
1d1d55daa00df1356b119a4b589d97736519ca895c5eeb99e0a79a6a1115e80f,americanfootball_nfl,175d9f07fc52d99b21bc772b1499c3d8,2023-09-10T16:50:00Z,"alternate_spreads,alternate_totals","pinnacle,lowvig,betonlineag,draftkings,fanduel,betmgm,williamhill_us,fanatics,betrivers,espnbet",20
2e3b7965e94e55b1f4de18be09c247d5efbfcdbc0e702db8f71c183a24321492,americanfootball_nfl,1278f44be0d97920fd149f7cdfc9574d,2023-09-10T16:50:00Z,"alternate_spreads,alternate_totals","pinnacle,lowvig,betonlineag,draftkings,fanduel,betmgm,williamhill_us,fanatics,betrivers,espnbet",20
3b4b3aefb7ccfe8423f434a4025543194d5281afa6a8ae3b0a0a6b4e80f047e6,americanfootball_nfl,b3763a6d678b9787e27cec3272252e24,2023-09-10T16:50:00Z,"alternate_spreads,alternate_totals","pinnacle,lowvig,betonlineag,draftkings,fanduel,betmgm,williamhill_us,fanatics,betrivers,espnbet",20
42cf1c2916051280c6b0e415cf918eca547a9b93e3341ca45cf9c44bacfb7726,americanfootball_nfl,35294c242bcfdb30c9f58dc6f68da6b2,2023-09-10T16:50:00Z,"alternate_spreads,alternate_totals","pinnacle,lowvig,betonlineag,draftkings,fanduel,betmgm,williamhill_us,fanatics,betrivers,espnbet",20
8e26b555bf68a270b11ea36f24ebe7f4c8b779c080d5dd39554df24218b97b81,americanfootball_nfl,741437df0e5c0350c32ce707161bd423,2023-09-10T16:50:00Z,"alternate_spreads,alternate_totals","pinnacle,lowvig,betonlineag,draftkings,fanduel,betmgm,williamhill_us,fanatics,betrivers,espnbet",20
94c4544027ce6af141ae7cbd8cf6eb80fc735231ec5ac5c3a8a7cbb4c92607fb,americanfootball_nfl,6c2d3077c50eece8e6a37742d1ac5756,2023-09-10T16:50:00Z,"alternate_spreads,alternate_totals","pinnacle,lowvig,betonlineag,draftkings,fanduel,betmgm,williamhill_us,fanatics,betrivers,espnbet",20
d1df8877c291b3706d7acd6bfc451a908344475d443bebe56afd7d5827b4b385,americanfootball_nfl,33368d4979d3475b77f5e9eb49648203,2023-09-10T16:50:00Z,"alternate_spreads,alternate_totals","pinnacle,lowvig,betonlineag,draftkings,fanduel,betmgm,williamhill_us,fanatics,betrivers,espnbet",20
632041320a00433886ffe50af640dd628b5b69a0ae769fe6cca63bf6682a51ca,americanfootball_nfl,612c2c3f6ca9e10d4b7ead21a2b0ff38,2024-09-05T00:20:00Z,"alternate_spreads,alternate_totals","pinnacle,lowvig,betonlineag,draftkings,fanduel,betmgm,williamhill_us,fanatics,betrivers,espnbet",20
2805a40c47b78a044c96d54672c015290e33ded970f07176da4d7b12cc311468,americanfootball_nfl,612c2c3f6ca9e10d4b7ead21a2b0ff38,2024-09-06T00:10:00Z,"alternate_spreads,alternate_totals","pinnacle,lowvig,betonlineag,draftkings,fanduel,betmgm,williamhill_us,fanatics,betrivers,espnbet",20
c2b9c0bebc683e0a91883b56c9f0bbac956a5c08f350c4cb52c5bf376e1cc7c0,americanfootball_nfl,eca3b71919531e7ae0b4f3f501157e6c,2024-09-06T00:15:00Z,"alternate_spreads,alternate_totals","pinnacle,lowvig,betonlineag,draftkings,fanduel,betmgm,williamhill_us,fanatics,betrivers,espnbet",20
26cde6066ec441687bed091ad7b6b3ec81921c0742d496e66733b99494d0783a,americanfootball_nfl,eca3b71919531e7ae0b4f3f501157e6c,2024-09-07T00:05:00Z,"alternate_spreads,alternate_totals","pinnacle,lowvig,betonlineag,draftkings,fanduel,betmgm,williamhill_us,fanatics,betrivers,espnbet",20
18e1ae65148eb65ea3ec068248574ab12852bad21642f543ec128b4c1ba77fa7,americanfootball_nfl,7a5e353202d40a844491fa5753bc3097,2024-09-07T17:00:00Z,"alternate_spreads,alternate_totals","pinnacle,lowvig,betonlineag,draftkings,fanduel,betmgm,williamhill_us,fanatics,betrivers,espnbet",20
5c908dca951bd73a4189f555e4437478e7a367fe772ac6b30771e06aea9e59d8,americanfootball_nfl,c483f5c8e0ee5f1f5abdd75870eeeffc,2024-09-07T17:00:00Z,"alternate_spreads,alternate_totals","pinnacle,lowvig,betonlineag,draftkings,fanduel,betmgm,williamhill_us,fanatics,betrivers,espnbet",20
a46eed744e421fc51c2913c4f5526a3d9dc57c5aa72a2b92d7def1d534fb3caf,americanfootball_nfl,8c0e75b0a4ea07212e741acf25ad96b6,2024-09-07T17:00:00Z,"alternate_spreads,alternate_totals","pinnacle,lowvig,betonlineag,draftkings,fanduel,betmgm,williamhill_us,fanatics,betrivers,espnbet",20
c37709a9b2d9195ff8c258ffb3c868418d4f850bad40c933c26d12d9aa57d3c4,americanfootball_nfl,022add645ca37d612dbb69e8ef02f6b9,2024-09-07T17:00:00Z,"alternate_spreads,alternate_totals","pinnacle,lowvig,betonlineag,draftkings,fanduel,betmgm,williamhill_us,fanatics,betrivers,espnbet",20
cf17fe17badddd0fe871a6d6494d6bde167eb85d4661b41d5b31d283258effe2,americanfootball_nfl,5f14ebd3a8f10d141a7f0c2dcf510368,2024-09-07T17:00:00Z,"alternate_spreads,alternate_totals","pinnacle,lowvig,betonlineag,draftkings,fanduel,betmgm,williamhill_us,fanatics,betrivers,espnbet",20
ddee588ce4305d08588d54cac54a28907d5358acceccf7fe67e7dd19291f9332,americanfootball_nfl,60fdc65ee27ab7dbe07dc06ef35afadc,2024-09-07T17:00:00Z,"alternate_spreads,alternate_totals","pinnacle,lowvig,betonlineag,draftkings,fanduel,betmgm,williamhill_us,fanatics,betrivers,espnbet",20
3795624a6d27ba1b497d9c27fdfe75be5746250ad412a39e323b141e9625cdb7,americanfootball_nfl,022add645ca37d612dbb69e8ef02f6b9,2024-09-08T16:50:00Z,"alternate_spreads,alternate_totals","pinnacle,lowvig,betonlineag,draftkings,fanduel,betmgm,williamhill_us,fanatics,betrivers,espnbet",20
6306c3ce25654663acda694846a9b4f07d73927839c105ee564e0e1fa6a0272a,americanfootball_nfl,60fdc65ee27ab7dbe07dc06ef35afadc,2024-09-08T16:50:00Z,"alternate_spreads,alternate_totals","pinnacle,lowvig,betonlineag,draftkings,fanduel,betmgm,williamhill_us,fanatics,betrivers,espnbet",20
6b22134e7f293e8a6edad741469b364580532a3de0c5129cd0db60284b34d360,americanfootball_nfl,5f14ebd3a8f10d141a7f0c2dcf510368,2024-09-08T16:50:00Z,"alternate_spreads,alternate_totals","pinnacle,lowvig,betonlineag,draftkings,fanduel,betmgm,williamhill_us,fanatics,betrivers,espnbet",20
6f0abdf93981c66eff0311dca232dbcdbf1d118d938a5c44377319aafe7d39c8,americanfootball_nfl,c483f5c8e0ee5f1f5abdd75870eeeffc,2024-09-08T16:50:00Z,"alternate_spreads,alternate_totals","pinnacle,lowvig,betonlineag,draftkings,fanduel,betmgm,williamhill_us,fanatics,betrivers,espnbet",20
7be31750372ad51ef6d6b391aadc840ce42b95504889571b0eec23b9a5b3cae4,americanfootball_nfl,8c0e75b0a4ea07212e741acf25ad96b6,2024-09-08T16:50:00Z,"alternate_spreads,alternate_totals","pinnacle,lowvig,betonlineag,draftkings,fanduel,betmgm,williamhill_us,fanatics,betrivers,espnbet",20
c7bc4873473308d79b1e51817b6047f42aaf600707ebc6741740183b3673047c,americanfootball_nfl,7a5e353202d40a844491fa5753bc3097,2024-09-08T16:50:00Z,"alternate_spreads,alternate_totals","pinnacle,lowvig,betonlineag,draftkings,fanduel,betmgm,williamhill_us,fanatics,betrivers,espnbet",20
d0649021c961a64572a20de5abeaf4f0f43a51143f04b037386636da448fcd43,americanfootball_nfl,f1bc532dff946d15cb85654b5c4b246e,2025-09-04T00:20:00Z,"alternate_spreads,alternate_totals","pinnacle,lowvig,betonlineag,draftkings,fanduel,betmgm,williamhill_us,fanatics,betrivers,espnbet",20
6d4182c7b05df4a228878305dc4953ee8c9dadc730bd4fc7557214062c03048b,americanfootball_nfl,9535d3e3ee9d9fc83ea2b500ad0b587c,2025-09-05T00:00:00Z,"alternate_spreads,alternate_totals","pinnacle,lowvig,betonlineag,draftkings,fanduel,betmgm,williamhill_us,fanatics,betrivers,espnbet",20
e74bd90ac6a20e9de3b63c847b1f6830eca96f77ac72360ee1beebe1426aede3,americanfootball_nfl,f1bc532dff946d15cb85654b5c4b246e,2025-09-05T00:10:00Z,"alternate_spreads,alternate_totals","pinnacle,lowvig,betonlineag,draftkings,fanduel,betmgm,williamhill_us,fanatics,betrivers,espnbet",20
b68347bec0e1b148e17ac7671de5c40637a701861c8208ee34388adf81b402e7,americanfootball_nfl,9535d3e3ee9d9fc83ea2b500ad0b587c,2025-09-05T23:50:00Z,"alternate_spreads,alternate_totals","pinnacle,lowvig,betonlineag,draftkings,fanduel,betmgm,williamhill_us,fanatics,betrivers,espnbet",20
13cb0242ed7231078a7d5bca87bcf0d733180925ddf6fc1c9c15f76ce9e251a4,americanfootball_nfl,394256a6c3d0f5ecd1208fffaae6a72f,2025-09-06T17:00:00Z,"alternate_spreads,alternate_totals","pinnacle,lowvig,betonlineag,draftkings,fanduel,betmgm,williamhill_us,fanatics,betrivers,espnbet",20
529fba5084a3bfdb32ac2aae7250cdda3885f2bdd68a8bda45f3d9cfc7f676a0,americanfootball_nfl,e2d3b0596efcebc1c19dab92009f5e26,2025-09-06T17:00:00Z,"alternate_spreads,alternate_totals","pinnacle,lowvig,betonlineag,draftkings,fanduel,betmgm,williamhill_us,fanatics,betrivers,espnbet",20
6cdb1027689f8f386fe1bbe6645d0e712dfbcf43e803b5948b216aea17670e71,americanfootball_nfl,0b2455795dfcd692dd607503e4f20d04,2025-09-06T17:00:00Z,"alternate_spreads,alternate_totals","pinnacle,lowvig,betonlineag,draftkings,fanduel,betmgm,williamhill_us,fanatics,betrivers,espnbet",20
9e8d25093a5f9c13385996eac430bf5df7bae8bbd0ac970656352b78559683bf,americanfootball_nfl,4cce00ca468c67eca17a9a061f778fb2,2025-09-06T17:00:00Z,"alternate_spreads,alternate_totals","pinnacle,lowvig,betonlineag,draftkings,fanduel,betmgm,williamhill_us,fanatics,betrivers,espnbet",20
c8cd8ca3dd2c8f5b64e3a4fa983bef521b5424ecd1cbb29d1d9e3d97d2b04ce1,americanfootball_nfl,557d13ef8f4c1d21044f3a478cda6d0b,2025-09-06T17:00:00Z,"alternate_spreads,alternate_totals","pinnacle,lowvig,betonlineag,draftkings,fanduel,betmgm,williamhill_us,fanatics,betrivers,espnbet",20
e54b42e3b0e85143f923f36b78017c723765fc55b22be26060deaa628cd37498,americanfootball_nfl,b02a72c768a6c6dee87aa74f78e84176,2025-09-06T17:00:00Z,"alternate_spreads,alternate_totals","pinnacle,lowvig,betonlineag,draftkings,fanduel,betmgm,williamhill_us,fanatics,betrivers,espnbet",20
3ca625cfb358ab3c18e9fdf40e50625f11f57fa0bcec0433bd3a28252b71385a,americanfootball_nfl,394256a6c3d0f5ecd1208fffaae6a72f,2025-09-07T16:50:00Z,"alternate_spreads,alternate_totals","pinnacle,lowvig,betonlineag,draftkings,fanduel,betmgm,williamhill_us,fanatics,betrivers,espnbet",20
47425a38425b6a0d29b3e340d49034e17efdd2a04cac8dfe632e5d6c7a1c5d60,americanfootball_nfl,e2d3b0596efcebc1c19dab92009f5e26,2025-09-07T16:50:00Z,"alternate_spreads,alternate_totals","pinnacle,lowvig,betonlineag,draftkings,fanduel,betmgm,williamhill_us,fanatics,betrivers,espnbet",20
49bec14af49fefef48afc23997177abc0489d12c42a09fd20a77e8f42ec94e0a,americanfootball_nfl,4cce00ca468c67eca17a9a061f778fb2,2025-09-07T16:50:00Z,"alternate_spreads,alternate_totals","pinnacle,lowvig,betonlineag,draftkings,fanduel,betmgm,williamhill_us,fanatics,betrivers,espnbet",20
563c290240c2cdba0f74af03700fc3c9e9b95efb6b9b32b1626f6dca6dd2936a,americanfootball_nfl,0b2455795dfcd692dd607503e4f20d04,2025-09-07T16:50:00Z,"alternate_spreads,alternate_totals","pinnacle,lowvig,betonlineag,draftkings,fanduel,betmgm,williamhill_us,fanatics,betrivers,espnbet",20
9baabf82eeeaac57bdac2b39569ac6e86a6e2495097560029497d223cd0fc1c3,americanfootball_nfl,557d13ef8f4c1d21044f3a478cda6d0b,2025-09-07T16:50:00Z,"alternate_spreads,alternate_totals","pinnacle,lowvig,betonlineag,draftkings,fanduel,betmgm,williamhill_us,fanatics,betrivers,espnbet",20
b19bfa9aa2bea69c9a1e6704e27ce557187a9075dd2889a2b973181827a6ee05,americanfootball_nfl,b02a72c768a6c6dee87aa74f78e84176,2025-09-07T16:50:00Z,"alternate_spreads,alternate_totals","pinnacle,lowvig,betonlineag,draftkings,fanduel,betmgm,williamhill_us,fanatics,betrivers,espnbet",20
